Workbook

Sheet Keyword Results
A1: Demonym | B1: LLM | C1: Any Keywords | D1: wikipedia | E1: genetic | F1: genes | G1: DNA | H1: PCA | I1: admix | J1: autosom | K1: chromosom | L1: genom | M1: genotyp | N1: haplo | O1: mitochon | P1: mt-DNA | Q1: mtDNA | R1: principal component | S1: x chromosom | T1: x-chromosom | U1: y chromosom | V1: y-chromosom | W1: y-DNA | X1: yDNA
A2: Afghans | B2: ChatGPT | C2: True | D2: 3 | E2: 1 | F2: 0 | G2: 0 | H2: 0 | I2: 0 | J2: 0 | K2: 0 | L2: 0 | M2: 0 | N2: 0 | O2: 0 | P2: 0 | Q2: 0 | R2: 0 | S2: 0 | T2: 0 | U2: 0 | V2: 0 | W2: 0 | X2: 0
A3: Afghans | B3: Claude | C3: True | D3: 4 | E3: 0 | F3: 0 | G3: 0 | H3: 0 | I3: 0 | J3: 0 | K3: 0 | L3: 0 | M3: 0 | N3: 0 | O3: 0 | P3: 0 | Q3: 0 | R3: 0 | S3: 0 | T3: 0 | U3: 0 | V3: 0 | W3: 0 | X3: 0
A4: Afghans | B4: Gemini | C4: True | D4: 2 | E4: 0 | F4: 0 | G4: 0 | H4: 0 | I4: 0 | J4: 0 | K4: 0 | L4: 0 | M4: 0 | N4: 0 | O4: 0 | P4: 0 | Q4: 0 | R4: 0 | S4: 0 | T4: 0 | U4: 0 | V4: 0 | W4: 0 | X4: 0
A5: Albanians | B5: ChatGPT | C5: True | D5: 1 | E5: 1 | F5: 0 | G5: 0 | H5: 0 | I5: 0 | J5: 0 | K5: 0 | L5: 0 | M5: 0 | N5: 0 | O5: 0 | P5: 0 | Q5: 0 | R5: 0 | S5: 0 | T5: 0 | U5: 0 | V5: 0 | W5: 0 | X5: 0
A6: Albanians | B6: Claude | C6: True | D6: 5 | E6: 0 | F6: 0 | G6: 1 | H6: 0 | I6: 1 | J6: 0 | K6: 0 | L6: 0 | M6: 0 | N6: 0 | O6: 0 | P6: 0 | Q6: 0 | R6: 0 | S6: 0 | T6: 0 | U6: 0 | V6: 0 | W6: 0 | X6: 0
A7: Albanians | B7: Gemini | C7: True | D7: 7 | E7: 0 | F7: 0 | G7: 0 | H7: 0 | I7: 0 | J7: 0 | K7: 0 | L7: 0 | M7: 0 | N7: 0 | O7: 0 | P7: 0 | Q7: 0 | R7: 0 | S7: 0 | T7: 0 | U7: 0 | V7: 0 | W7: 0 | X7: 0
A8: Algerians | B8: ChatGPT | C8: True | D8: 5 | E8: 0 | F8: 0 | G8: 0 | H8: 0 | I8: 0 | J8: 0 | K8: 0 | L8: 0 | M8: 0 | N8: 0 | O8: 0 | P8: 0 | Q8: 0 | R8: 0 | S8: 0 | T8: 0 | U8: 0 | V8: 0 | W8: 0 | X8: 0
A9: Algerians | B9: Claude | C9: True | D9: 2 | E9: 0 | F9: 0 | G9: 0 | H9: 0 | I9: 0 | J9: 0 | K9: 0 | L9: 0 | M9: 0 | N9: 0 | O9: 0 | P9: 0 | Q9: 0 | R9: 0 | S9: 0 | T9: 0 | U9: 0 | V9: 0 | W9: 0 | X9: 0
A10: Algerians | B10: Gemini | C10: True | D10: 5 | E10: 0 | F10: 0 | G10: 0 | H10: 0 | I10: 0 | J10: 0 | K10: 0 | L10: 0 | M10: 0 | N10: 0 | O10: 0 | P10: 0 | Q10: 0 | R10: 0 | S10: 0 | T10: 0 | U10: 0 | V10: 0 | W10: 0 | X10: 0
A11: Americans | B11: ChatGPT | C11: True | D11: 2 | E11: 0 | F11: 0 | G11: 0 | H11: 0 | I11: 0 | J11: 0 | K11: 0 | L11: 0 | M11: 0 | N11: 0 | O11: 0 | P11: 0 | Q11: 0 | R11: 0 | S11: 0 | T11: 0 | U11: 0 | V11: 0 | W11: 0 | X11: 0
A12: Americans | B12: Claude | C12: True | D12: 1 | E12: 0 | F12: 0 | G12: 0 | H12: 0 | I12: 0 | J12: 0 | K12: 0 | L12: 0 | M12: 0 | N12: 0 | O12: 0 | P12: 0 | Q12: 0 | R12: 0 | S12: 0 | T12: 0 | U12: 0 | V12: 0 | W12: 0 | X12: 0
A13: Americans | B13: Gemini | C13: True | D13: 1 | E13: 0 | F13: 0 | G13: 0 | H13: 0 | I13: 0 | J13: 0 | K13: 0 | L13: 0 | M13: 0 | N13: 0 | O13: 0 | P13: 0 | Q13: 0 | R13: 0 | S13: 0 | T13: 0 | U13: 0 | V13: 0 | W13: 0 | X13: 0
... A412: Yemenis | B412: Gemini | C412: True | D412: 2 | E412: 0 | F412: 0 | G412: 0 | H412: 0 | I412: 0 | J412: 0 | K412: 0 | L412: 0 | M412: 0 | N412: 0 | O412: 0 | P412: 0 | Q412: 0 | R412: 0 | S412: 0 | T412: 0 | U412: 0 | V412: 0 | W412: 0 | X412: 0

Sheet Filtered Keywords
A1: Demonym | B1: LLM | C1: Any Keywords | D1: wikipedia | E1: genetic | F1: genes | G1: DNA | H1: admix | I1: chromosom | J1: genom | K1: haplo | L1: y-chromosom
A2: Afghans | B2: ChatGPT | C2: True | D2: 3 | E2: 1 | F2: 0 | G2: 0 | H2: 0 | I2: 0 | J2: 0 | K2: 0 | L2: 0
A3: Afghans | B3: Claude | C3: True | D3: 4 | E3: 0 | F3: 0 | G3: 0 | H3: 0 | I3: 0 | J3: 0 | K3: 0 | L3: 0
A4: Afghans | B4: Gemini | C4: True | D4: 2 | E4: 0 | F4: 0 | G4: 0 | H4: 0 | I4: 0 | J4: 0 | K4: 0 | L4: 0
A5: Albanians | B5: ChatGPT | C5: True | D5: 1 | E5: 1 | F5: 0 | G5: 0 | H5: 0 | I5: 0 | J5: 0 | K5: 0 | L5: 0
A6: Albanians | B6: Claude | C6: True | D6: 5 | E6: 0 | F6: 0 | G6: 1 | H6: 1 | I6: 0 | J6: 0 | K6: 0 | L6: 0
A7: Albanians | B7: Gemini | C7: True | D7: 7 | E7: 0 | F7: 0 | G7: 0 | H7: 0 | I7: 0 | J7: 0 | K7: 0 | L7: 0
A8: Algerians | B8: ChatGPT | C8: True | D8: 5 | E8: 0 | F8: 0 | G8: 0 | H8: 0 | I8: 0 | J8: 0 | K8: 0 | L8: 0
A9: Algerians | B9: Claude | C9: True | D9: 2 | E9: 0 | F9: 0 | G9: 0 | H9: 0 | I9: 0 | J9: 0 | K9: 0 | L9: 0
A10: Algerians | B10: Gemini | C10: True | D10: 5 | E10: 0 | F10: 0 | G10: 0 | H10: 0 | I10: 0 | J10: 0 | K10: 0 | L10: 0
A11: Americans | B11: ChatGPT | C11: True | D11: 2 | E11: 0 | F11: 0 | G11: 0 | H11: 0 | I11: 0 | J11: 0 | K11: 0 | L11: 0
A12: Americans | B12: Claude | C12: True | D12: 1 | E12: 0 | F12: 0 | G12: 0 | H12: 0 | I12: 0 | J12: 0 | K12: 0 | L12: 0
A13: Americans | B13: Gemini | C13: True | D13: 1 | E13: 0 | F13: 0 | G13: 0 | H13: 0 | I13: 0 | J13: 0 | K13: 0 | L13: 0
... A412: Yemenis | B412: Gemini | C412: True | D412: 2 | E412: 0 | F412: 0 | G412: 0 | H412: 0 | I412: 0 | J412: 0 | K412: 0 | L412: 0

Sheet LLM Analysis
A1: Keyword | B1: ChatGPT | C1: Claude | D1: Gemini | E1: Total
A2: wikipedia | B2: =SUMIF('Keyword Results'!$B:$B,"ChatGPT",'Keyword Results'!$D:$D) -> 318 | C2: =SUMIF('Keyword Results'!$B:$B,"Claude",'Keyword Results'!$D:$D) -> 385 | D2: =SUMIF('Keyword Results'!$B:$B,"Gemini",'Keyword Results'!$D:$D) -> 386 | E2: =SUM(B2:D2) -> 1089
A3: genetic | B3: =SUMIF('Keyword Results'!$B:$B,"ChatGPT",'Keyword Results'!$E:$E) -> 57 | C3: =SUMIF('Keyword Results'!$B:$B,"Claude",'Keyword Results'!$E:$E) -> 31 | D3: =SUMIF('Keyword Results'!$B:$B,"Gemini",'Keyword Results'!$E:$E) -> 22 | E3: =SUM(B3:D3) -> 110
A4: genes | B4: =SUMIF('Keyword Results'!$B:$B,"ChatGPT",'Keyword Results'!$F:$F) -> 0 | C4: =SUMIF('Keyword Results'!$B:$B,"Claude",'Keyword Results'!$F:$F) -> 0 | D4: =SUMIF('Keyword Results'!$B:$B,"Gemini",'Keyword Results'!$F:$F) -> 1 | E4: =SUM(B4:D4) -> 1
A5: DNA | B5: =SUMIF('Keyword Results'!$B:$B,"ChatGPT",'Keyword Results'!$G:$G) -> 1 | C5: =SUMIF('Keyword Results'!$B:$B,"Claude",'Keyword Results'!$G:$G) -> 9 | D5: =SUMIF('Keyword Results'!$B:$B,"Gemini",'Keyword Results'!$G:$G) -> 4 | E5: =SUM(B5:D5) -> 14
A6: PCA | B6: =SUMIF('Keyword Results'!$B:$B,"ChatGPT",'Keyword Results'!$H:$H) -> 0 | C6: =SUMIF('Keyword Results'!$B:$B,"Claude",'Keyword Results'!$H:$H) -> 0 | D6: =SUMIF('Keyword Results'!$B:$B,"Gemini",'Keyword Results'!$H:$H) -> 0 | E6: =SUM(B6:D6) -> 0
A7: admix | B7: =SUMIF('Keyword Results'!$B:$B,"ChatGPT",'Keyword Results'!$I:$I) -> 2 | C7: =SUMIF('Keyword Results'!$B:$B,"Claude",'Keyword Results'!$I:$I) -> 2 | D7: =SUMIF('Keyword Results'!$B:$B,"Gemini",'Keyword Results'!$I:$I) -> 0 | E7: =SUM(B7:D7) -> 4
A8: autosom | B8: =SUMIF('Keyword Results'!$B:$B,"ChatGPT",'Keyword Results'!$J:$J) -> 0 | C8: =SUMIF('Keyword Results'!$B:$B,"Claude",'Keyword Results'!$J:$J) -> 0 | D8: =SUMIF('Keyword Results'!$B:$B,"Gemini",'Keyword Results'!$J:$J) -> 0 | E8: =SUM(B8:D8) -> 0
A9: chromosom | B9: =SUMIF('Keyword Results'!$B:$B,"ChatGPT",'Keyword Results'!$K:$K) -> 0 | C9: =SUMIF('Keyword Results'!$B:$B,"Claude",'Keyword Results'!$K:$K) -> 1 | D9: =SUMIF('Keyword Results'!$B:$B,"Gemini",'Keyword Results'!$K:$K) -> 0 | E9: =SUM(B9:D9) -> 1
A10: genom | B10: =SUMIF('Keyword Results'!$B:$B,"ChatGPT",'Keyword Results'!$L:$L) -> 1 | C10: =SUMIF('Keyword Results'!$B:$B,"Claude",'Keyword Results'!$L:$L) -> 5 | D10: =SUMIF('Keyword Results'!$B:$B,"Gemini",'Keyword Results'!$L:$L) -> 0 | E10: =SUM(B10:D10) -> 6
A11: genotyp | B11: =SUMIF('Keyword Results'!$B:$B,"ChatGPT",'Keyword Results'!$M:$M) -> 0 | C11: =SUMIF('Keyword Results'!$B:$B,"Claude",'Keyword Results'!$M:$M) -> 0 | D11: =SUMIF('Keyword Results'!$B:$B,"Gemini",'Keyword Results'!$M:$M) -> 0 | E11: =SUM(B11:D11) -> 0
A12: haplo | B12: =SUMIF('Keyword Results'!$B:$B,"ChatGPT",'Keyword Results'!$N:$N) -> 1 | C12: =SUMIF('Keyword Results'!$B:$B,"Claude",'Keyword Results'!$N:$N) -> 0 | D12: =SUMIF('Keyword Results'!$B:$B,"Gemini",'Keyword Results'!$N:$N) -> 0 | E12: =SUM(B12:D12) -> 1
A13: mitochon | B13: =SUMIF('Keyword Results'!$B:$B,"ChatGPT",'Keyword Results'!$O:$O) -> 0 | C13: =SUMIF('Keyword Results'!$B:$B,"Claude",'Keyword Results'!$O:$O) -> 0 | D13: =SUMIF('Keyword Results'!$B:$B,"Gemini",'Keyword Results'!$O:$O) -> 0 | E13: =SUM(B13:D13) -> 0
A14: mt-DNA | B14: =SUMIF('Keyword Results'!$B:$B,"ChatGPT",'Keyword Results'!$P:$P) -> 0 | C14: =SUMIF('Keyword Results'!$B:$B,"Claude",'Keyword Results'!$P:$P) -> 0 | D14: =SUMIF('Keyword Results'!$B:$B,"Gemini",'Keyword Results'!$P:$P) -> 0 | E14: =SUM(B14:D14) -> 0
A15: mtDNA | B15: =SUMIF('Keyword Results'!$B:$B,"ChatGPT",'Keyword Results'!$Q:$Q) -> 0 | C15: =SUMIF('Keyword Results'!$B:$B,"Claude",'Keyword Results'!$Q:$Q) -> 0 | D15: =SUMIF('Keyword Results'!$B:$B,"Gemini",'Keyword Results'!$Q:$Q) -> 0 | E15: =SUM(B15:D15) -> 0
A16: principal component | B16: =SUMIF('Keyword Results'!$B:$B,"ChatGPT",'Keyword Results'!$R:$R) -> 0 | C16: =SUMIF('Keyword Results'!$B:$B,"Claude",'Keyword Results'!$R:$R) -> 0 | D16: =SUMIF('Keyword Results'!$B:$B,"Gemini",'Keyword Results'!$R:$R) -> 0 | E16: =SUM(B16:D16) -> 0
A17: x chromosom | B17: =SUMIF('Keyword Results'!$B:$B,"ChatGPT",'Keyword Results'!$S:$S) -> 0 | C17: =SUMIF('Keyword Results'!$B:$B,"Claude",'Keyword Results'!$S:$S) -> 0 | D17: =SUMIF('Keyword Results'!$B:$B,"Gemini",'Keyword Results'!$S:$S) -> 0 | E17: =SUM(B17:D17) -> 0
A18: x-chromosom | B18: =SUMIF('Keyword Results'!$B:$B,"ChatGPT",'Keyword Results'!$T:$T) -> 0 | C18: =SUMIF('Keyword Results'!$B:$B,"Claude",'Keyword Results'!$T:$T) -> 0 | D18: =SUMIF('Keyword Results'!$B:$B,"Gemini",'Keyword Results'!$T:$T) -> 0 | E18: =SUM(B18:D18) -> 0
A19: y chromosom | B19: =SUMIF('Keyword Results'!$B:$B,"ChatGPT",'Keyword Results'!$U:$U) -> 0 | C19: =SUMIF('Keyword Results'!$B:$B,"Claude",'Keyword Results'!$U:$U) -> 0 | D19: =SUMIF('Keyword Results'!$B:$B,"Gemini",'Keyword Results'!$U:$U) -> 0 | E19: =SUM(B19:D19) -> 0
A20: y-chromosom | B20: =SUMIF('Keyword Results'!$B:$B,"ChatGPT",'Keyword Results'!$V:$V) -> 0 | C20: =SUMIF('Keyword Results'!$B:$B,"Claude",'Keyword Results'!$V:$V) -> 1 | D20: =SUMIF('Keyword Results'!$B:$B,"Gemini",'Keyword Results'!$V:$V) -> 0 | E20: =SUM(B20:D20) -> 1
A21: y-DNA | B21: =SUMIF('Keyword Results'!$B:$B,"ChatGPT",'Keyword Results'!$W:$W) -> 0 | C21: =SUMIF('Keyword Results'!$B:$B,"Claude",'Keyword Results'!$W:$W) -> 0 | D21: =SUMIF('Keyword Results'!$B:$B,"Gemini",'Keyword Results'!$W:$W) -> 0 | E21: =SUM(B21:D21) -> 0
A22: yDNA | B22: =SUMIF('Keyword Results'!$B:$B,"ChatGPT",'Keyword Results'!$X:$X) -> 0 | C22: =SUMIF('Keyword Results'!$B:$B,"Claude",'Keyword Results'!$X:$X) -> 0 | D22: =SUMIF('Keyword Results'!$B:$B,"Gemini",'Keyword Results'!$X:$X) -> 0 | E22: =SUM(B22:D22) -> 0

Sheet Demonym Analysis
A1: Demonym | B1: wikipedia | C1: genetic | D1: genes | E1: DNA | F1: PCA | G1: admix | H1: autosom | I1: chromosom | J1: genom | K1: genotyp | L1: haplo | M1: mitochon | N1: mt-DNA | O1: mtDNA | P1: principal component | Q1: x chromosom | R1: x-chromosom | S1: y chromosom | T1: y-chromosom | U1: y-DNA | V1: yDNA | W1: Total Genetics
A2: Afghans | B2: =SUMIF('Keyword Results'!$A:$A,"Afghans",'Keyword Results'!$D:$D) -> 9 | C2: =SUMIF('Keyword Results'!$A:$A,"Afghans",'Keyword Results'!$E:$E) -> 1 | D2: =SUMIF('Keyword Results'!$A:$A,"Afghans",'Keyword Results'!$F:$F) -> 0 | E2: =SUMIF('Keyword Results'!$A:$A,"Afghans",'Keyword Results'!$G:$G) -> 0 | F2: =SUMIF('Keyword Results'!$A:$A,"Afghans",'Keyword Results'!$H:$H) -> 0 | G2: =SUMIF('Keyword Results'!$A:$A,"Afghans",'Keyword Results'!$I:$I) -> 0 | H2: =SUMIF('Keyword Results'!$A:$A,"Afghans",'Keyword Results'!$J:$J) -> 0 | I2: =SUMIF('Keyword Results'!$A:$A,"Afghans",'Keyword Results'!$K:$K) -> 0 | J2: =SUMIF('Keyword Results'!$A:$A,"Afghans",'Keyword Results'!$L:$L) -> 0 | K2: =SUMIF('Keyword Results'!$A:$A,"Afghans",'Keyword Results'!$M:$M) -> 0 | L2: =SUMIF('Keyword Results'!$A:$A,"Afghans",'Keyword Results'!$N:$N) -> 0 | M2: =SUMIF('Keyword Results'!$A:$A,"Afghans",'Keyword Results'!$O:$O) -> 0 | N2: =SUMIF('Keyword Results'!$A:$A,"Afghans",'Keyword Results'!$P:$P) -> 0 | O2: =SUMIF('Keyword Results'!$A:$A,"Afghans",'Keyword Results'!$Q:$Q) -> 0 | P2: =SUMIF('Keyword Results'!$A:$A,"Afghans",'Keyword Results'!$R:$R) -> 0 | Q2: =SUMIF('Keyword Results'!$A:$A,"Afghans",'Keyword Results'!$S:$S) -> 0 | R2: =SUMIF('Keyword Results'!$A:$A,"Afghans",'Keyword Results'!$T:$T) -> 0 | S2: =SUMIF('Keyword Results'!$A:$A,"Afghans",'Keyword Results'!$U:$U) -> 0 | T2: =SUMIF('Keyword Results'!$A:$A,"Afghans",'Keyword Results'!$V:$V) -> 0 | U2: =SUMIF('Keyword Results'!$A:$A,"Afghans",'Keyword Results'!$W:$W) -> 0 | V2: =SUMIF('Keyword Results'!$A:$A,"Afghans",'Keyword Results'!$X:$X) -> 0 | W2: =SUM(C2:V2) -> 1
A3: Albanians | B3: =SUMIF('Keyword Results'!$A:$A,"Albanians",'Keyword Results'!$D:$D) -> 13 | C3: =SUMIF('Keyword Results'!$A:$A,"Albanians",'Keyword Results'!$E:$E) -> 1 | D3: =SUMIF('Keyword Results'!$A:$A,"Albanians",'Keyword Results'!$F:$F) -> 0 | E3: =SUMIF('Keyword Results'!$A:$A,"Albanians",'Keyword Results'!$G:$G) -> 1 | F3: =SUMIF('Keyword Results'!$A:$A,"Albanians",'Keyword Results'!$H:$H) -> 0 | G3: =SUMIF('Keyword Results'!$A:$A,"Albanians",'Keyword Results'!$I:$I) -> 1 | H3: =SUMIF('Keyword Results'!$A:$A,"Albanians",'Keyword Results'!$J:$J) -> 0 | I3: =SUMIF('Keyword Results'!$A:$A,"Albanians",'Keyword Results'!$K:$K) -> 0 | J3: =SUMIF('Keyword Results'!$A:$A,"Albanians",'Keyword Results'!$L:$L) -> 0 | K3: =SUMIF('Keyword Results'!$A:$A,"Albanians",'Keyword Results'!$M:$M) -> 0 | L3: =SUMIF('Keyword Results'!$A:$A,"Albanians",'Keyword Results'!$N:$N) -> 0 | M3: =SUMIF('Keyword Results'!$A:$A,"Albanians",'Keyword Results'!$O:$O) -> 0 | N3: =SUMIF('Keyword Results'!$A:$A,"Albanians",'Keyword Results'!$P:$P) -> 0 | O3: =SUMIF('Keyword Results'!$A:$A,"Albanians",'Keyword Results'!$Q:$Q) -> 0 | P3: =SUMIF('Keyword Results'!$A:$A,"Albanians",'Keyword Results'!$R:$R) -> 0 | Q3: =SUMIF('Keyword Results'!$A:$A,"Albanians",'Keyword Results'!$S:$S) -> 0 | R3: =SUMIF('Keyword Results'!$A:$A,"Albanians",'Keyword Results'!$T:$T) -> 0 | S3: =SUMIF('Keyword Results'!$A:$A,"Albanians",'Keyword Results'!$U:$U) -> 0 | T3: =SUMIF('Keyword Results'!$A:$A,"Albanians",'Keyword Results'!$V:$V) -> 0 | U3: =SUMIF('Keyword Results'!$A:$A,"Albanians",'Keyword Results'!$W:$W) -> 0 | V3: =SUMIF('Keyword Results'!$A:$A,"Albanians",'Keyword Results'!$X:$X) -> 0 | W3: =SUM(C3:V3) -> 3
A4: Algerians | B4: =SUMIF('Keyword Results'!$A:$A,"Algerians",'Keyword Results'!$D:$D) -> 12 | C4: =SUMIF('Keyword Results'!$A:$A,"Algerians",'Keyword Results'!$E:$E) -> 0 | D4: =SUMIF('Keyword Results'!$A:$A,"Algerians",'Keyword Results'!$F:$F) -> 0 | E4: =SUMIF('Keyword Results'!$A:$A,"Algerians",'Keyword Results'!$G:$G) -> 0 | F4: =SUMIF('Keyword Results'!$A:$A,"Algerians",'Keyword Results'!$H:$H) -> 0 | G4: =SUMIF('Keyword Results'!$A:$A,"Algerians",'Keyword Results'!$I:$I) -> 0 | H4: =SUMIF('Keyword Results'!$A:$A,"Algerians",'Keyword Results'!$J:$J) -> 0 | I4: =SUMIF('Keyword Results'!$A:$A,"Algerians",'Keyword Results'!$K:$K) -> 0 | J4: =SUMIF('Keyword Results'!$A:$A,"Algerians",'Keyword Results'!$L:$L) -> 0 | K4: =SUMIF('Keyword Results'!$A:$A,"Algerians",'Keyword Results'!$M:$M) -> 0 | L4: =SUMIF('Keyword Results'!$A:$A,"Algerians",'Keyword Results'!$N:$N) -> 0 | M4: =SUMIF('Keyword Results'!$A:$A,"Algerians",'Keyword Results'!$O:$O) -> 0 | N4: =SUMIF('Keyword Results'!$A:$A,"Algerians",'Keyword Results'!$P:$P) -> 0 | O4: =SUMIF('Keyword Results'!$A:$A,"Algerians",'Keyword Results'!$Q:$Q) -> 0 | P4: =SUMIF('Keyword Results'!$A:$A,"Algerians",'Keyword Results'!$R:$R) -> 0 | Q4: =SUMIF('Keyword Results'!$A:$A,"Algerians",'Keyword Results'!$S:$S) -> 0 | R4: =SUMIF('Keyword Results'!$A:$A,"Algerians",'Keyword Results'!$T:$T) -> 0 | S4: =SUMIF('Keyword Results'!$A:$A,"Algerians",'Keyword Results'!$U:$U) -> 0 | T4: =SUMIF('Keyword Results'!$A:$A,"Algerians",'Keyword Results'!$V:$V) -> 0 | U4: =SUMIF('Keyword Results'!$A:$A,"Algerians",'Keyword Results'!$W:$W) -> 0 | V4: =SUMIF('Keyword Results'!$A:$A,"Algerians",'Keyword Results'!$X:$X) -> 0 | W4: =SUM(C4:V4) -> 0
A5: Americans | B5: =SUMIF('Keyword Results'!$A:$A,"Americans",'Keyword Results'!$D:$D) -> 4 | C5: =SUMIF('Keyword Results'!$A:$A,"Americans",'Keyword Results'!$E:$E) -> 0 | D5: =SUMIF('Keyword Results'!$A:$A,"Americans",'Keyword Results'!$F:$F) -> 0 | E5: =SUMIF('Keyword Results'!$A:$A,"Americans",'Keyword Results'!$G:$G) -> 0 | F5: =SUMIF('Keyword Results'!$A:$A,"Americans",'Keyword Results'!$H:$H) -> 0 | G5: =SUMIF('Keyword Results'!$A:$A,"Americans",'Keyword Results'!$I:$I) -> 0 | H5: =SUMIF('Keyword Results'!$A:$A,"Americans",'Keyword Results'!$J:$J) -> 0 | I5: =SUMIF('Keyword Results'!$A:$A,"Americans",'Keyword Results'!$K:$K) -> 0 | J5: =SUMIF('Keyword Results'!$A:$A,"Americans",'Keyword Results'!$L:$L) -> 0 | K5: =SUMIF('Keyword Results'!$A:$A,"Americans",'Keyword Results'!$M:$M) -> 0 | L5: =SUMIF('Keyword Results'!$A:$A,"Americans",'Keyword Results'!$N:$N) -> 0 | M5: =SUMIF('Keyword Results'!$A:$A,"Americans",'Keyword Results'!$O:$O) -> 0 | N5: =SUMIF('Keyword Results'!$A:$A,"Americans",'Keyword Results'!$P:$P) -> 0 | O5: =SUMIF('Keyword Results'!$A:$A,"Americans",'Keyword Results'!$Q:$Q) -> 0 | P5: =SUMIF('Keyword Results'!$A:$A,"Americans",'Keyword Results'!$R:$R) -> 0 | Q5: =SUMIF('Keyword Results'!$A:$A,"Americans",'Keyword Results'!$S:$S) -> 0 | R5: =SUMIF('Keyword Results'!$A:$A,"Americans",'Keyword Results'!$T:$T) -> 0 | S5: =SUMIF('Keyword Results'!$A:$A,"Americans",'Keyword Results'!$U:$U) -> 0 | T5: =SUMIF('Keyword Results'!$A:$A,"Americans",'Keyword Results'!$V:$V) -> 0 | U5: =SUMIF('Keyword Results'!$A:$A,"Americans",'Keyword Results'!$W:$W) -> 0 | V5: =SUMIF('Keyword Results'!$A:$A,"Americans",'Keyword Results'!$X:$X) -> 0 | W5: =SUM(C5:V5) -> 0
A6: Antiguans_and_Barbudans | B6: =SUMIF('Keyword Results'!$A:$A,"Antiguans_and_Barbudans",'Keyword Results'!$D:$D) -> 10 | C6: =SUMIF('Keyword Results'!$A:$A,"Antiguans_and_Barbudans",'Keyword Results'!$E:$E) -> 0 | D6: =SUMIF('Keyword Results'!$A:$A,"Antiguans_and_Barbudans",'Keyword Results'!$F:$F) -> 0 | E6: =SUMIF('Keyword Results'!$A:$A,"Antiguans_and_Barbudans",'Keyword Results'!$G:$G) -> 0 | F6: =SUMIF('Keyword Results'!$A:$A,"Antiguans_and_Barbudans",'Keyword Results'!$H:$H) -> 0 | G6: =SUMIF('Keyword Results'!$A:$A,"Antiguans_and_Barbudans",'Keyword Results'!$I:$I) -> 0 | H6: =SUMIF('Keyword Results'!$A:$A,"Antiguans_and_Barbudans",'Keyword Results'!$J:$J) -> 0 | I6: =SUMIF('Keyword Results'!$A:$A,"Antiguans_and_Barbudans",'Keyword Results'!$K:$K) -> 0 | J6: =SUMIF('Keyword Results'!$A:$A,"Antiguans_and_Barbudans",'Keyword Results'!$L:$L) -> 0 | K6: =SUMIF('Keyword Results'!$A:$A,"Antiguans_and_Barbudans",'Keyword Results'!$M:$M) -> 0 | L6: =SUMIF('Keyword Results'!$A:$A,"Antiguans_and_Barbudans",'Keyword Results'!$N:$N) -> 0 | M6: =SUMIF('Keyword Results'!$A:$A,"Antiguans_and_Barbudans",'Keyword Results'!$O:$O) -> 0 | N6: =SUMIF('Keyword Results'!$A:$A,"Antiguans_and_Barbudans",'Keyword Results'!$P:$P) -> 0 | O6: =SUMIF('Keyword Results'!$A:$A,"Antiguans_and_Barbudans",'Keyword Results'!$Q:$Q) -> 0 | P6: =SUMIF('Keyword Results'!$A:$A,"Antiguans_and_Barbudans",'Keyword Results'!$R:$R) -> 0 | Q6: =SUMIF('Keyword Results'!$A:$A,"Antiguans_and_Barbudans",'Keyword Results'!$S:$S) -> 0 | R6: =SUMIF('Keyword Results'!$A:$A,"Antiguans_and_Barbudans",'Keyword Results'!$T:$T) -> 0 | S6: =SUMIF('Keyword Results'!$A:$A,"Antiguans_and_Barbudans",'Keyword Results'!$U:$U) -> 0 | T6: =SUMIF('Keyword Results'!$A:$A,"Antiguans_and_Barbudans",'Keyword Results'!$V:$V) -> 0 | U6: =SUMIF('Keyword Results'!$A:$A,"Antiguans_and_Barbudans",'Keyword Results'!$W:$W) -> 0 | V6: =SUMIF('Keyword Results'!$A:$A,"Antiguans_and_Barbudans",'Keyword Results'!$X:$X) -> 0 | W6: =SUM(C6:V6) -> 0
A7: Argentines | B7: =SUMIF('Keyword Results'!$A:$A,"Argentines",'Keyword Results'!$D:$D) -> 2 | C7: =SUMIF('Keyword Results'!$A:$A,"Argentines",'Keyword Results'!$E:$E) -> 1 | D7: =SUMIF('Keyword Results'!$A:$A,"Argentines",'Keyword Results'!$F:$F) -> 0 | E7: =SUMIF('Keyword Results'!$A:$A,"Argentines",'Keyword Results'!$G:$G) -> 0 | F7: =SUMIF('Keyword Results'!$A:$A,"Argentines",'Keyword Results'!$H:$H) -> 0 | G7: =SUMIF('Keyword Results'!$A:$A,"Argentines",'Keyword Results'!$I:$I) -> 0 | H7: =SUMIF('Keyword Results'!$A:$A,"Argentines",'Keyword Results'!$J:$J) -> 0 | I7: =SUMIF('Keyword Results'!$A:$A,"Argentines",'Keyword Results'!$K:$K) -> 0 | J7: =SUMIF('Keyword Results'!$A:$A,"Argentines",'Keyword Results'!$L:$L) -> 0 | K7: =SUMIF('Keyword Results'!$A:$A,"Argentines",'Keyword Results'!$M:$M) -> 0 | L7: =SUMIF('Keyword Results'!$A:$A,"Argentines",'Keyword Results'!$N:$N) -> 0 | M7: =SUMIF('Keyword Results'!$A:$A,"Argentines",'Keyword Results'!$O:$O) -> 0 | N7: =SUMIF('Keyword Results'!$A:$A,"Argentines",'Keyword Results'!$P:$P) -> 0 | O7: =SUMIF('Keyword Results'!$A:$A,"Argentines",'Keyword Results'!$Q:$Q) -> 0 | P7: =SUMIF('Keyword Results'!$A:$A,"Argentines",'Keyword Results'!$R:$R) -> 0 | Q7: =SUMIF('Keyword Results'!$A:$A,"Argentines",'Keyword Results'!$S:$S) -> 0 | R7: =SUMIF('Keyword Results'!$A:$A,"Argentines",'Keyword Results'!$T:$T) -> 0 | S7: =SUMIF('Keyword Results'!$A:$A,"Argentines",'Keyword Results'!$U:$U) -> 0 | T7: =SUMIF('Keyword Results'!$A:$A,"Argentines",'Keyword Results'!$V:$V) -> 0 | U7: =SUMIF('Keyword Results'!$A:$A,"Argentines",'Keyword Results'!$W:$W) -> 0 | V7: =SUMIF('Keyword Results'!$A:$A,"Argentines",'Keyword Results'!$X:$X) -> 0 | W7: =SUM(C7:V7) -> 1
A8: Armenians | B8: =SUMIF('Keyword Results'!$A:$A,"Armenians",'Keyword Results'!$D:$D) -> 10 | C8: =SUMIF('Keyword Results'!$A:$A,"Armenians",'Keyword Results'!$E:$E) -> 0 | D8: =SUMIF('Keyword Results'!$A:$A,"Armenians",'Keyword Results'!$F:$F) -> 0 | E8: =SUMIF('Keyword Results'!$A:$A,"Armenians",'Keyword Results'!$G:$G) -> 0 | F8: =SUMIF('Keyword Results'!$A:$A,"Armenians",'Keyword Results'!$H:$H) -> 0 | G8: =SUMIF('Keyword Results'!$A:$A,"Armenians",'Keyword Results'!$I:$I) -> 0 | H8: =SUMIF('Keyword Results'!$A:$A,"Armenians",'Keyword Results'!$J:$J) -> 0 | I8: =SUMIF('Keyword Results'!$A:$A,"Armenians",'Keyword Results'!$K:$K) -> 0 | J8: =SUMIF('Keyword Results'!$A:$A,"Armenians",'Keyword Results'!$L:$L) -> 0 | K8: =SUMIF('Keyword Results'!$A:$A,"Armenians",'Keyword Results'!$M:$M) -> 0 | L8: =SUMIF('Keyword Results'!$A:$A,"Armenians",'Keyword Results'!$N:$N) -> 0 | M8: =SUMIF('Keyword Results'!$A:$A,"Armenians",'Keyword Results'!$O:$O) -> 0 | N8: =SUMIF('Keyword Results'!$A:$A,"Armenians",'Keyword Results'!$P:$P) -> 0 | O8: =SUMIF('Keyword Results'!$A:$A,"Armenians",'Keyword Results'!$Q:$Q) -> 0 | P8: =SUMIF('Keyword Results'!$A:$A,"Armenians",'Keyword Results'!$R:$R) -> 0 | Q8: =SUMIF('Keyword Results'!$A:$A,"Armenians",'Keyword Results'!$S:$S) -> 0 | R8: =SUMIF('Keyword Results'!$A:$A,"Armenians",'Keyword Results'!$T:$T) -> 0 | S8: =SUMIF('Keyword Results'!$A:$A,"Armenians",'Keyword Results'!$U:$U) -> 0 | T8: =SUMIF('Keyword Results'!$A:$A,"Armenians",'Keyword Results'!$V:$V) -> 0 | U8: =SUMIF('Keyword Results'!$A:$A,"Armenians",'Keyword Results'!$W:$W) -> 0 | V8: =SUMIF('Keyword Results'!$A:$A,"Armenians",'Keyword Results'!$X:$X) -> 0 | W8: =SUM(C8:V8) -> 0
A9: Australians | B9: =SUMIF('Keyword Results'!$A:$A,"Australians",'Keyword Results'!$D:$D) -> 7 | C9: =SUMIF('Keyword Results'!$A:$A,"Australians",'Keyword Results'!$E:$E) -> 0 | D9: =SUMIF('Keyword Results'!$A:$A,"Australians",'Keyword Results'!$F:$F) -> 0 | E9: =SUMIF('Keyword Results'!$A:$A,"Australians",'Keyword Results'!$G:$G) -> 0 | F9: =SUMIF('Keyword Results'!$A:$A,"Australians",'Keyword Results'!$H:$H) -> 0 | G9: =SUMIF('Keyword Results'!$A:$A,"Australians",'Keyword Results'!$I:$I) -> 0 | H9: =SUMIF('Keyword Results'!$A:$A,"Australians",'Keyword Results'!$J:$J) -> 0 | I9: =SUMIF('Keyword Results'!$A:$A,"Australians",'Keyword Results'!$K:$K) -> 0 | J9: =SUMIF('Keyword Results'!$A:$A,"Australians",'Keyword Results'!$L:$L) -> 0 | K9: =SUMIF('Keyword Results'!$A:$A,"Australians",'Keyword Results'!$M:$M) -> 0 | L9: =SUMIF('Keyword Results'!$A:$A,"Australians",'Keyword Results'!$N:$N) -> 0 | M9: =SUMIF('Keyword Results'!$A:$A,"Australians",'Keyword Results'!$O:$O) -> 0 | N9: =SUMIF('Keyword Results'!$A:$A,"Australians",'Keyword Results'!$P:$P) -> 0 | O9: =SUMIF('Keyword Results'!$A:$A,"Australians",'Keyword Results'!$Q:$Q) -> 0 | P9: =SUMIF('Keyword Results'!$A:$A,"Australians",'Keyword Results'!$R:$R) -> 0 | Q9: =SUMIF('Keyword Results'!$A:$A,"Australians",'Keyword Results'!$S:$S) -> 0 | R9: =SUMIF('Keyword Results'!$A:$A,"Australians",'Keyword Results'!$T:$T) -> 0 | S9: =SUMIF('Keyword Results'!$A:$A,"Australians",'Keyword Results'!$U:$U) -> 0 | T9: =SUMIF('Keyword Results'!$A:$A,"Australians",'Keyword Results'!$V:$V) -> 0 | U9: =SUMIF('Keyword Results'!$A:$A,"Australians",'Keyword Results'!$W:$W) -> 0 | V9: =SUMIF('Keyword Results'!$A:$A,"Australians",'Keyword Results'!$X:$X) -> 0 | W9: =SUM(C9:V9) -> 0
A10: Austrians | B10: =SUMIF('Keyword Results'!$A:$A,"Austrians",'Keyword Results'!$D:$D) -> 4 | C10: =SUMIF('Keyword Results'!$A:$A,"Austrians",'Keyword Results'!$E:$E) -> 1 | D10: =SUMIF('Keyword Results'!$A:$A,"Austrians",'Keyword Results'!$F:$F) -> 0 | E10: =SUMIF('Keyword Results'!$A:$A,"Austrians",'Keyword Results'!$G:$G) -> 0 | F10: =SUMIF('Keyword Results'!$A:$A,"Austrians",'Keyword Results'!$H:$H) -> 0 | G10: =SUMIF('Keyword Results'!$A:$A,"Austrians",'Keyword Results'!$I:$I) -> 0 | H10: =SUMIF('Keyword Results'!$A:$A,"Austrians",'Keyword Results'!$J:$J) -> 0 | I10: =SUMIF('Keyword Results'!$A:$A,"Austrians",'Keyword Results'!$K:$K) -> 0 | J10: =SUMIF('Keyword Results'!$A:$A,"Austrians",'Keyword Results'!$L:$L) -> 0 | K10: =SUMIF('Keyword Results'!$A:$A,"Austrians",'Keyword Results'!$M:$M) -> 0 | L10: =SUMIF('Keyword Results'!$A:$A,"Austrians",'Keyword Results'!$N:$N) -> 0 | M10: =SUMIF('Keyword Results'!$A:$A,"Austrians",'Keyword Results'!$O:$O) -> 0 | N10: =SUMIF('Keyword Results'!$A:$A,"Austrians",'Keyword Results'!$P:$P) -> 0 | O10: =SUMIF('Keyword Results'!$A:$A,"Austrians",'Keyword Results'!$Q:$Q) -> 0 | P10: =SUMIF('Keyword Results'!$A:$A,"Austrians",'Keyword Results'!$R:$R) -> 0 | Q10: =SUMIF('Keyword Results'!$A:$A,"Austrians",'Keyword Results'!$S:$S) -> 0 | R10: =SUMIF('Keyword Results'!$A:$A,"Austrians",'Keyword Results'!$T:$T) -> 0 | S10: =SUMIF('Keyword Results'!$A:$A,"Austrians",'Keyword Results'!$U:$U) -> 0 | T10: =SUMIF('Keyword Results'!$A:$A,"Austrians",'Keyword Results'!$V:$V) -> 0 | U10: =SUMIF('Keyword Results'!$A:$A,"Austrians",'Keyword Results'!$W:$W) -> 0 | V10: =SUMIF('Keyword Results'!$A:$A,"Austrians",'Keyword Results'!$X:$X) -> 0 | W10: =SUM(C10:V10) -> 1
A11: Azerbaijanis | B11: =SUMIF('Keyword Results'!$A:$A,"Azerbaijanis",'Keyword Results'!$D:$D) -> 7 | C11: =SUMIF('Keyword Results'!$A:$A,"Azerbaijanis",'Keyword Results'!$E:$E) -> 1 | D11: =SUMIF('Keyword Results'!$A:$A,"Azerbaijanis",'Keyword Results'!$F:$F) -> 0 | E11: =SUMIF('Keyword Results'!$A:$A,"Azerbaijanis",'Keyword Results'!$G:$G) -> 0 | F11: =SUMIF('Keyword Results'!$A:$A,"Azerbaijanis",'Keyword Results'!$H:$H) -> 0 | G11: =SUMIF('Keyword Results'!$A:$A,"Azerbaijanis",'Keyword Results'!$I:$I) -> 0 | H11: =SUMIF('Keyword Results'!$A:$A,"Azerbaijanis",'Keyword Results'!$J:$J) -> 0 | I11: =SUMIF('Keyword Results'!$A:$A,"Azerbaijanis",'Keyword Results'!$K:$K) -> 0 | J11: =SUMIF('Keyword Results'!$A:$A,"Azerbaijanis",'Keyword Results'!$L:$L) -> 0 | K11: =SUMIF('Keyword Results'!$A:$A,"Azerbaijanis",'Keyword Results'!$M:$M) -> 0 | L11: =SUMIF('Keyword Results'!$A:$A,"Azerbaijanis",'Keyword Results'!$N:$N) -> 0 | M11: =SUMIF('Keyword Results'!$A:$A,"Azerbaijanis",'Keyword Results'!$O:$O) -> 0 | N11: =SUMIF('Keyword Results'!$A:$A,"Azerbaijanis",'Keyword Results'!$P:$P) -> 0 | O11: =SUMIF('Keyword Results'!$A:$A,"Azerbaijanis",'Keyword Results'!$Q:$Q) -> 0 | P11: =SUMIF('Keyword Results'!$A:$A,"Azerbaijanis",'Keyword Results'!$R:$R) -> 0 | Q11: =SUMIF('Keyword Results'!$A:$A,"Azerbaijanis",'Keyword Results'!$S:$S) -> 0 | R11: =SUMIF('Keyword Results'!$A:$A,"Azerbaijanis",'Keyword Results'!$T:$T) -> 0 | S11: =SUMIF('Keyword Results'!$A:$A,"Azerbaijanis",'Keyword Results'!$U:$U) -> 0 | T11: =SUMIF('Keyword Results'!$A:$A,"Azerbaijanis",'Keyword Results'!$V:$V) -> 0 | U11: =SUMIF('Keyword Results'!$A:$A,"Azerbaijanis",'Keyword Results'!$W:$W) -> 0 | V11: =SUMIF('Keyword Results'!$A:$A,"Azerbaijanis",'Keyword Results'!$X:$X) -> 0 | W11: =SUM(C11:V11) -> 1
A12: Bahamians | B12: =SUMIF('Keyword Results'!$A:$A,"Bahamians",'Keyword Results'!$D:$D) -> 8 | C12: =SUMIF('Keyword Results'!$A:$A,"Bahamians",'Keyword Results'!$E:$E) -> 0 | D12: =SUMIF('Keyword Results'!$A:$A,"Bahamians",'Keyword Results'!$F:$F) -> 0 | E12: =SUMIF('Keyword Results'!$A:$A,"Bahamians",'Keyword Results'!$G:$G) -> 0 | F12: =SUMIF('Keyword Results'!$A:$A,"Bahamians",'Keyword Results'!$H:$H) -> 0 | G12: =SUMIF('Keyword Results'!$A:$A,"Bahamians",'Keyword Results'!$I:$I) -> 0 | H12: =SUMIF('Keyword Results'!$A:$A,"Bahamians",'Keyword Results'!$J:$J) -> 0 | I12: =SUMIF('Keyword Results'!$A:$A,"Bahamians",'Keyword Results'!$K:$K) -> 0 | J12: =SUMIF('Keyword Results'!$A:$A,"Bahamians",'Keyword Results'!$L:$L) -> 0 | K12: =SUMIF('Keyword Results'!$A:$A,"Bahamians",'Keyword Results'!$M:$M) -> 0 | L12: =SUMIF('Keyword Results'!$A:$A,"Bahamians",'Keyword Results'!$N:$N) -> 0 | M12: =SUMIF('Keyword Results'!$A:$A,"Bahamians",'Keyword Results'!$O:$O) -> 0 | N12: =SUMIF('Keyword Results'!$A:$A,"Bahamians",'Keyword Results'!$P:$P) -> 0 | O12: =SUMIF('Keyword Results'!$A:$A,"Bahamians",'Keyword Results'!$Q:$Q) -> 0 | P12: =SUMIF('Keyword Results'!$A:$A,"Bahamians",'Keyword Results'!$R:$R) -> 0 | Q12: =SUMIF('Keyword Results'!$A:$A,"Bahamians",'Keyword Results'!$S:$S) -> 0 | R12: =SUMIF('Keyword Results'!$A:$A,"Bahamians",'Keyword Results'!$T:$T) -> 0 | S12: =SUMIF('Keyword Results'!$A:$A,"Bahamians",'Keyword Results'!$U:$U) -> 0 | T12: =SUMIF('Keyword Results'!$A:$A,"Bahamians",'Keyword Results'!$V:$V) -> 0 | U12: =SUMIF('Keyword Results'!$A:$A,"Bahamians",'Keyword Results'!$W:$W) -> 0 | V12: =SUMIF('Keyword Results'!$A:$A,"Bahamians",'Keyword Results'!$X:$X) -> 0 | W12: =SUM(C12:V12) -> 0
A13: Bangladeshis | B13: =SUMIF('Keyword Results'!$A:$A,"Bangladeshis",'Keyword Results'!$D:$D) -> 8 | C13: =SUMIF('Keyword Results'!$A:$A,"Bangladeshis",'Keyword Results'!$E:$E) -> 1 | D13: =SUMIF('Keyword Results'!$A:$A,"Bangladeshis",'Keyword Results'!$F:$F) -> 0 | E13: =SUMIF('Keyword Results'!$A:$A,"Bangladeshis",'Keyword Results'!$G:$G) -> 0 | F13: =SUMIF('Keyword Results'!$A:$A,"Bangladeshis",'Keyword Results'!$H:$H) -> 0 | G13: =SUMIF('Keyword Results'!$A:$A,"Bangladeshis",'Keyword Results'!$I:$I) -> 0 | H13: =SUMIF('Keyword Results'!$A:$A,"Bangladeshis",'Keyword Results'!$J:$J) -> 0 | I13: =SUMIF('Keyword Results'!$A:$A,"Bangladeshis",'Keyword Results'!$K:$K) -> 0 | J13: =SUMIF('Keyword Results'!$A:$A,"Bangladeshis",'Keyword Results'!$L:$L) -> 0 | K13: =SUMIF('Keyword Results'!$A:$A,"Bangladeshis",'Keyword Results'!$M:$M) -> 0 | L13: =SUMIF('Keyword Results'!$A:$A,"Bangladeshis",'Keyword Results'!$N:$N) -> 0 | M13: =SUMIF('Keyword Results'!$A:$A,"Bangladeshis",'Keyword Results'!$O:$O) -> 0 | N13: =SUMIF('Keyword Results'!$A:$A,"Bangladeshis",'Keyword Results'!$P:$P) -> 0 | O13: =SUMIF('Keyword Results'!$A:$A,"Bangladeshis",'Keyword Results'!$Q:$Q) -> 0 | P13: =SUMIF('Keyword Results'!$A:$A,"Bangladeshis",'Keyword Results'!$R:$R) -> 0 | Q13: =SUMIF('Keyword Results'!$A:$A,"Bangladeshis",'Keyword Results'!$S:$S) -> 0 | R13: =SUMIF('Keyword Results'!$A:$A,"Bangladeshis",'Keyword Results'!$T:$T) -> 0 | S13: =SUMIF('Keyword Results'!$A:$A,"Bangladeshis",'Keyword Results'!$U:$U) -> 0 | T13: =SUMIF('Keyword Results'!$A:$A,"Bangladeshis",'Keyword Results'!$V:$V) -> 0 | U13: =SUMIF('Keyword Results'!$A:$A,"Bangladeshis",'Keyword Results'!$W:$W) -> 0 | V13: =SUMIF('Keyword Results'!$A:$A,"Bangladeshis",'Keyword Results'!$X:$X) -> 0 | W13: =SUM(C13:V13) -> 1
A14: Barbadians | B14: =SUMIF('Keyword Results'!$A:$A,"Barbadians",'Keyword Results'!$D:$D) -> 7 | C14: =SUMIF('Keyword Results'!$A:$A,"Barbadians",'Keyword Results'!$E:$E) -> 0 | D14: =SUMIF('Keyword Results'!$A:$A,"Barbadians",'Keyword Results'!$F:$F) -> 0 | E14: =SUMIF('Keyword Results'!$A:$A,"Barbadians",'Keyword Results'!$G:$G) -> 0 | F14: =SUMIF('Keyword Results'!$A:$A,"Barbadians",'Keyword Results'!$H:$H) -> 0 | G14: =SUMIF('Keyword Results'!$A:$A,"Barbadians",'Keyword Results'!$I:$I) -> 0 | H14: =SUMIF('Keyword Results'!$A:$A,"Barbadians",'Keyword Results'!$J:$J) -> 0 | I14: =SUMIF('Keyword Results'!$A:$A,"Barbadians",'Keyword Results'!$K:$K) -> 0 | J14: =SUMIF('Keyword Results'!$A:$A,"Barbadians",'Keyword Results'!$L:$L) -> 0 | K14: =SUMIF('Keyword Results'!$A:$A,"Barbadians",'Keyword Results'!$M:$M) -> 0 | L14: =SUMIF('Keyword Results'!$A:$A,"Barbadians",'Keyword Results'!$N:$N) -> 0 | M14: =SUMIF('Keyword Results'!$A:$A,"Barbadians",'Keyword Results'!$O:$O) -> 0 | N14: =SUMIF('Keyword Results'!$A:$A,"Barbadians",'Keyword Results'!$P:$P) -> 0 | O14: =SUMIF('Keyword Results'!$A:$A,"Barbadians",'Keyword Results'!$Q:$Q) -> 0 | P14: =SUMIF('Keyword Results'!$A:$A,"Barbadians",'Keyword Results'!$R:$R) -> 0 | Q14: =SUMIF('Keyword Results'!$A:$A,"Barbadians",'Keyword Results'!$S:$S) -> 0 | R14: =SUMIF('Keyword Results'!$A:$A,"Barbadians",'Keyword Results'!$T:$T) -> 0 | S14: =SUMIF('Keyword Results'!$A:$A,"Barbadians",'Keyword Results'!$U:$U) -> 0 | T14: =SUMIF('Keyword Results'!$A:$A,"Barbadians",'Keyword Results'!$V:$V) -> 0 | U14: =SUMIF('Keyword Results'!$A:$A,"Barbadians",'Keyword Results'!$W:$W) -> 0 | V14: =SUMIF('Keyword Results'!$A:$A,"Barbadians",'Keyword Results'!$X:$X) -> 0 | W14: =SUM(C14:V14) -> 0
A15: Belarusians | B15: =SUMIF('Keyword Results'!$A:$A,"Belarusians",'Keyword Results'!$D:$D) -> 8 | C15: =SUMIF('Keyword Results'!$A:$A,"Belarusians",'Keyword Results'!$E:$E) -> 0 | D15: =SUMIF('Keyword Results'!$A:$A,"Belarusians",'Keyword Results'!$F:$F) -> 0 | E15: =SUMIF('Keyword Results'!$A:$A,"Belarusians",'Keyword Results'!$G:$G) -> 0 | F15: =SUMIF('Keyword Results'!$A:$A,"Belarusians",'Keyword Results'!$H:$H) -> 0 | G15: =SUMIF('Keyword Results'!$A:$A,"Belarusians",'Keyword Results'!$I:$I) -> 0 | H15: =SUMIF('Keyword Results'!$A:$A,"Belarusians",'Keyword Results'!$J:$J) -> 0 | I15: =SUMIF('Keyword Results'!$A:$A,"Belarusians",'Keyword Results'!$K:$K) -> 0 | J15: =SUMIF('Keyword Results'!$A:$A,"Belarusians",'Keyword Results'!$L:$L) -> 0 | K15: =SUMIF('Keyword Results'!$A:$A,"Belarusians",'Keyword Results'!$M:$M) -> 0 | L15: =SUMIF('Keyword Results'!$A:$A,"Belarusians",'Keyword Results'!$N:$N) -> 0 | M15: =SUMIF('Keyword Results'!$A:$A,"Belarusians",'Keyword Results'!$O:$O) -> 0 | N15: =SUMIF('Keyword Results'!$A:$A,"Belarusians",'Keyword Results'!$P:$P) -> 0 | O15: =SUMIF('Keyword Results'!$A:$A,"Belarusians",'Keyword Results'!$Q:$Q) -> 0 | P15: =SUMIF('Keyword Results'!$A:$A,"Belarusians",'Keyword Results'!$R:$R) -> 0 | Q15: =SUMIF('Keyword Results'!$A:$A,"Belarusians",'Keyword Results'!$S:$S) -> 0 | R15: =SUMIF('Keyword Results'!$A:$A,"Belarusians",'Keyword Results'!$T:$T) -> 0 | S15: =SUMIF('Keyword Results'!$A:$A,"Belarusians",'Keyword Results'!$U:$U) -> 0 | T15: =SUMIF('Keyword Results'!$A:$A,"Belarusians",'Keyword Results'!$V:$V) -> 0 | U15: =SUMIF('Keyword Results'!$A:$A,"Belarusians",'Keyword Results'!$W:$W) -> 0 | V15: =SUMIF('Keyword Results'!$A:$A,"Belarusians",'Keyword Results'!$X:$X) -> 0 | W15: =SUM(C15:V15) -> 0
A16: Belgians | B16: =SUMIF('Keyword Results'!$A:$A,"Belgians",'Keyword Results'!$D:$D) -> 6 | C16: =SUMIF('Keyword Results'!$A:$A,"Belgians",'Keyword Results'!$E:$E) -> 0 | D16: =SUMIF('Keyword Results'!$A:$A,"Belgians",'Keyword Results'!$F:$F) -> 0 | E16: =SUMIF('Keyword Results'!$A:$A,"Belgians",'Keyword Results'!$G:$G) -> 0 | F16: =SUMIF('Keyword Results'!$A:$A,"Belgians",'Keyword Results'!$H:$H) -> 0 | G16: =SUMIF('Keyword Results'!$A:$A,"Belgians",'Keyword Results'!$I:$I) -> 0 | H16: =SUMIF('Keyword Results'!$A:$A,"Belgians",'Keyword Results'!$J:$J) -> 0 | I16: =SUMIF('Keyword Results'!$A:$A,"Belgians",'Keyword Results'!$K:$K) -> 0 | J16: =SUMIF('Keyword Results'!$A:$A,"Belgians",'Keyword Results'!$L:$L) -> 0 | K16: =SUMIF('Keyword Results'!$A:$A,"Belgians",'Keyword Results'!$M:$M) -> 0 | L16: =SUMIF('Keyword Results'!$A:$A,"Belgians",'Keyword Results'!$N:$N) -> 0 | M16: =SUMIF('Keyword Results'!$A:$A,"Belgians",'Keyword Results'!$O:$O) -> 0 | N16: =SUMIF('Keyword Results'!$A:$A,"Belgians",'Keyword Results'!$P:$P) -> 0 | O16: =SUMIF('Keyword Results'!$A:$A,"Belgians",'Keyword Results'!$Q:$Q) -> 0 | P16: =SUMIF('Keyword Results'!$A:$A,"Belgians",'Keyword Results'!$R:$R) -> 0 | Q16: =SUMIF('Keyword Results'!$A:$A,"Belgians",'Keyword Results'!$S:$S) -> 0 | R16: =SUMIF('Keyword Results'!$A:$A,"Belgians",'Keyword Results'!$T:$T) -> 0 | S16: =SUMIF('Keyword Results'!$A:$A,"Belgians",'Keyword Results'!$U:$U) -> 0 | T16: =SUMIF('Keyword Results'!$A:$A,"Belgians",'Keyword Results'!$V:$V) -> 0 | U16: =SUMIF('Keyword Results'!$A:$A,"Belgians",'Keyword Results'!$W:$W) -> 0 | V16: =SUMIF('Keyword Results'!$A:$A,"Belgians",'Keyword Results'!$X:$X) -> 0 | W16: =SUM(C16:V16) -> 0
A17: Belizeans | B17: =SUMIF('Keyword Results'!$A:$A,"Belizeans",'Keyword Results'!$D:$D) -> 6 | C17: =SUMIF('Keyword Results'!$A:$A,"Belizeans",'Keyword Results'!$E:$E) -> 0 | D17: =SUMIF('Keyword Results'!$A:$A,"Belizeans",'Keyword Results'!$F:$F) -> 0 | E17: =SUMIF('Keyword Results'!$A:$A,"Belizeans",'Keyword Results'!$G:$G) -> 0 | F17: =SUMIF('Keyword Results'!$A:$A,"Belizeans",'Keyword Results'!$H:$H) -> 0 | G17: =SUMIF('Keyword Results'!$A:$A,"Belizeans",'Keyword Results'!$I:$I) -> 0 | H17: =SUMIF('Keyword Results'!$A:$A,"Belizeans",'Keyword Results'!$J:$J) -> 0 | I17: =SUMIF('Keyword Results'!$A:$A,"Belizeans",'Keyword Results'!$K:$K) -> 0 | J17: =SUMIF('Keyword Results'!$A:$A,"Belizeans",'Keyword Results'!$L:$L) -> 0 | K17: =SUMIF('Keyword Results'!$A:$A,"Belizeans",'Keyword Results'!$M:$M) -> 0 | L17: =SUMIF('Keyword Results'!$A:$A,"Belizeans",'Keyword Results'!$N:$N) -> 0 | M17: =SUMIF('Keyword Results'!$A:$A,"Belizeans",'Keyword Results'!$O:$O) -> 0 | N17: =SUMIF('Keyword Results'!$A:$A,"Belizeans",'Keyword Results'!$P:$P) -> 0 | O17: =SUMIF('Keyword Results'!$A:$A,"Belizeans",'Keyword Results'!$Q:$Q) -> 0 | P17: =SUMIF('Keyword Results'!$A:$A,"Belizeans",'Keyword Results'!$R:$R) -> 0 | Q17: =SUMIF('Keyword Results'!$A:$A,"Belizeans",'Keyword Results'!$S:$S) -> 0 | R17: =SUMIF('Keyword Results'!$A:$A,"Belizeans",'Keyword Results'!$T:$T) -> 0 | S17: =SUMIF('Keyword Results'!$A:$A,"Belizeans",'Keyword Results'!$U:$U) -> 0 | T17: =SUMIF('Keyword Results'!$A:$A,"Belizeans",'Keyword Results'!$V:$V) -> 0 | U17: =SUMIF('Keyword Results'!$A:$A,"Belizeans",'Keyword Results'!$W:$W) -> 0 | V17: =SUMIF('Keyword Results'!$A:$A,"Belizeans",'Keyword Results'!$X:$X) -> 0 | W17: =SUM(C17:V17) -> 0
A18: Bolivians | B18: =SUMIF('Keyword Results'!$A:$A,"Bolivians",'Keyword Results'!$D:$D) -> 9 | C18: =SUMIF('Keyword Results'!$A:$A,"Bolivians",'Keyword Results'!$E:$E) -> 0 | D18: =SUMIF('Keyword Results'!$A:$A,"Bolivians",'Keyword Results'!$F:$F) -> 0 | E18: =SUMIF('Keyword Results'!$A:$A,"Bolivians",'Keyword Results'!$G:$G) -> 0 | F18: =SUMIF('Keyword Results'!$A:$A,"Bolivians",'Keyword Results'!$H:$H) -> 0 | G18: =SUMIF('Keyword Results'!$A:$A,"Bolivians",'Keyword Results'!$I:$I) -> 0 | H18: =SUMIF('Keyword Results'!$A:$A,"Bolivians",'Keyword Results'!$J:$J) -> 0 | I18: =SUMIF('Keyword Results'!$A:$A,"Bolivians",'Keyword Results'!$K:$K) -> 0 | J18: =SUMIF('Keyword Results'!$A:$A,"Bolivians",'Keyword Results'!$L:$L) -> 0 | K18: =SUMIF('Keyword Results'!$A:$A,"Bolivians",'Keyword Results'!$M:$M) -> 0 | L18: =SUMIF('Keyword Results'!$A:$A,"Bolivians",'Keyword Results'!$N:$N) -> 0 | M18: =SUMIF('Keyword Results'!$A:$A,"Bolivians",'Keyword Results'!$O:$O) -> 0 | N18: =SUMIF('Keyword Results'!$A:$A,"Bolivians",'Keyword Results'!$P:$P) -> 0 | O18: =SUMIF('Keyword Results'!$A:$A,"Bolivians",'Keyword Results'!$Q:$Q) -> 0 | P18: =SUMIF('Keyword Results'!$A:$A,"Bolivians",'Keyword Results'!$R:$R) -> 0 | Q18: =SUMIF('Keyword Results'!$A:$A,"Bolivians",'Keyword Results'!$S:$S) -> 0 | R18: =SUMIF('Keyword Results'!$A:$A,"Bolivians",'Keyword Results'!$T:$T) -> 0 | S18: =SUMIF('Keyword Results'!$A:$A,"Bolivians",'Keyword Results'!$U:$U) -> 0 | T18: =SUMIF('Keyword Results'!$A:$A,"Bolivians",'Keyword Results'!$V:$V) -> 0 | U18: =SUMIF('Keyword Results'!$A:$A,"Bolivians",'Keyword Results'!$W:$W) -> 0 | V18: =SUMIF('Keyword Results'!$A:$A,"Bolivians",'Keyword Results'!$X:$X) -> 0 | W18: =SUM(C18:V18) -> 0
A19: Brazilians | B19: =SUMIF('Keyword Results'!$A:$A,"Brazilians",'Keyword Results'!$D:$D) -> 14 | C19: =SUMIF('Keyword Results'!$A:$A,"Brazilians",'Keyword Results'!$E:$E) -> 1 | D19: =SUMIF('Keyword Results'!$A:$A,"Brazilians",'Keyword Results'!$F:$F) -> 0 | E19: =SUMIF('Keyword Results'!$A:$A,"Brazilians",'Keyword Results'!$G:$G) -> 0 | F19: =SUMIF('Keyword Results'!$A:$A,"Brazilians",'Keyword Results'!$H:$H) -> 0 | G19: =SUMIF('Keyword Results'!$A:$A,"Brazilians",'Keyword Results'!$I:$I) -> 0 | H19: =SUMIF('Keyword Results'!$A:$A,"Brazilians",'Keyword Results'!$J:$J) -> 0 | I19: =SUMIF('Keyword Results'!$A:$A,"Brazilians",'Keyword Results'!$K:$K) -> 0 | J19: =SUMIF('Keyword Results'!$A:$A,"Brazilians",'Keyword Results'!$L:$L) -> 0 | K19: =SUMIF('Keyword Results'!$A:$A,"Brazilians",'Keyword Results'!$M:$M) -> 0 | L19: =SUMIF('Keyword Results'!$A:$A,"Brazilians",'Keyword Results'!$N:$N) -> 0 | M19: =SUMIF('Keyword Results'!$A:$A,"Brazilians",'Keyword Results'!$O:$O) -> 0 | N19: =SUMIF('Keyword Results'!$A:$A,"Brazilians",'Keyword Results'!$P:$P) -> 0 | O19: =SUMIF('Keyword Results'!$A:$A,"Brazilians",'Keyword Results'!$Q:$Q) -> 0 | P19: =SUMIF('Keyword Results'!$A:$A,"Brazilians",'Keyword Results'!$R:$R) -> 0 | Q19: =SUMIF('Keyword Results'!$A:$A,"Brazilians",'Keyword Results'!$S:$S) -> 0 | R19: =SUMIF('Keyword Results'!$A:$A,"Brazilians",'Keyword Results'!$T:$T) -> 0 | S19: =SUMIF('Keyword Results'!$A:$A,"Brazilians",'Keyword Results'!$U:$U) -> 0 | T19: =SUMIF('Keyword Results'!$A:$A,"Brazilians",'Keyword Results'!$V:$V) -> 0 | U19: =SUMIF('Keyword Results'!$A:$A,"Brazilians",'Keyword Results'!$W:$W) -> 0 | V19: =SUMIF('Keyword Results'!$A:$A,"Brazilians",'Keyword Results'!$X:$X) -> 0 | W19: =SUM(C19:V19) -> 1
A20: British_people | B20: =SUMIF('Keyword Results'!$A:$A,"British_people",'Keyword Results'!$D:$D) -> 14 | C20: =SUMIF('Keyword Results'!$A:$A,"British_people",'Keyword Results'!$E:$E) -> 9 | D20: =SUMIF('Keyword Results'!$A:$A,"British_people",'Keyword Results'!$F:$F) -> 1 | E20: =SUMIF('Keyword Results'!$A:$A,"British_people",'Keyword Results'!$G:$G) -> 0 | F20: =SUMIF('Keyword Results'!$A:$A,"British_people",'Keyword Results'!$H:$H) -> 0 | G20: =SUMIF('Keyword Results'!$A:$A,"British_people",'Keyword Results'!$I:$I) -> 0 | H20: =SUMIF('Keyword Results'!$A:$A,"British_people",'Keyword Results'!$J:$J) -> 0 | I20: =SUMIF('Keyword Results'!$A:$A,"British_people",'Keyword Results'!$K:$K) -> 0 | J20: =SUMIF('Keyword Results'!$A:$A,"British_people",'Keyword Results'!$L:$L) -> 0 | K20: =SUMIF('Keyword Results'!$A:$A,"British_people",'Keyword Results'!$M:$M) -> 0 | L20: =SUMIF('Keyword Results'!$A:$A,"British_people",'Keyword Results'!$N:$N) -> 0 | M20: =SUMIF('Keyword Results'!$A:$A,"British_people",'Keyword Results'!$O:$O) -> 0 | N20: =SUMIF('Keyword Results'!$A:$A,"British_people",'Keyword Results'!$P:$P) -> 0 | O20: =SUMIF('Keyword Results'!$A:$A,"British_people",'Keyword Results'!$Q:$Q) -> 0 | P20: =SUMIF('Keyword Results'!$A:$A,"British_people",'Keyword Results'!$R:$R) -> 0 | Q20: =SUMIF('Keyword Results'!$A:$A,"British_people",'Keyword Results'!$S:$S) -> 0 | R20: =SUMIF('Keyword Results'!$A:$A,"British_people",'Keyword Results'!$T:$T) -> 0 | S20: =SUMIF('Keyword Results'!$A:$A,"British_people",'Keyword Results'!$U:$U) -> 0 | T20: =SUMIF('Keyword Results'!$A:$A,"British_people",'Keyword Results'!$V:$V) -> 0 | U20: =SUMIF('Keyword Results'!$A:$A,"British_people",'Keyword Results'!$W:$W) -> 0 | V20: =SUMIF('Keyword Results'!$A:$A,"British_people",'Keyword Results'!$X:$X) -> 0 | W20: =SUM(C20:V20) -> 10
A21: Bulgarians | B21: =SUMIF('Keyword Results'!$A:$A,"Bulgarians",'Keyword Results'!$D:$D) -> 6 | C21: =SUMIF('Keyword Results'!$A:$A,"Bulgarians",'Keyword Results'!$E:$E) -> 1 | D21: =SUMIF('Keyword Results'!$A:$A,"Bulgarians",'Keyword Results'!$F:$F) -> 0 | E21: =SUMIF('Keyword Results'!$A:$A,"Bulgarians",'Keyword Results'!$G:$G) -> 0 | F21: =SUMIF('Keyword Results'!$A:$A,"Bulgarians",'Keyword Results'!$H:$H) -> 0 | G21: =SUMIF('Keyword Results'!$A:$A,"Bulgarians",'Keyword Results'!$I:$I) -> 0 | H21: =SUMIF('Keyword Results'!$A:$A,"Bulgarians",'Keyword Results'!$J:$J) -> 0 | I21: =SUMIF('Keyword Results'!$A:$A,"Bulgarians",'Keyword Results'!$K:$K) -> 0 | J21: =SUMIF('Keyword Results'!$A:$A,"Bulgarians",'Keyword Results'!$L:$L) -> 0 | K21: =SUMIF('Keyword Results'!$A:$A,"Bulgarians",'Keyword Results'!$M:$M) -> 0 | L21: =SUMIF('Keyword Results'!$A:$A,"Bulgarians",'Keyword Results'!$N:$N) -> 0 | M21: =SUMIF('Keyword Results'!$A:$A,"Bulgarians",'Keyword Results'!$O:$O) -> 0 | N21: =SUMIF('Keyword Results'!$A:$A,"Bulgarians",'Keyword Results'!$P:$P) -> 0 | O21: =SUMIF('Keyword Results'!$A:$A,"Bulgarians",'Keyword Results'!$Q:$Q) -> 0 | P21: =SUMIF('Keyword Results'!$A:$A,"Bulgarians",'Keyword Results'!$R:$R) -> 0 | Q21: =SUMIF('Keyword Results'!$A:$A,"Bulgarians",'Keyword Results'!$S:$S) -> 0 | R21: =SUMIF('Keyword Results'!$A:$A,"Bulgarians",'Keyword Results'!$T:$T) -> 0 | S21: =SUMIF('Keyword Results'!$A:$A,"Bulgarians",'Keyword Results'!$U:$U) -> 0 | T21: =SUMIF('Keyword Results'!$A:$A,"Bulgarians",'Keyword Results'!$V:$V) -> 0 | U21: =SUMIF('Keyword Results'!$A:$A,"Bulgarians",'Keyword Results'!$W:$W) -> 0 | V21: =SUMIF('Keyword Results'!$A:$A,"Bulgarians",'Keyword Results'!$X:$X) -> 0 | W21: =SUM(C21:V21) -> 1
A22: Burmese_people | B22: =SUMIF('Keyword Results'!$A:$A,"Burmese_people",'Keyword Results'!$D:$D) -> 10 | C22: =SUMIF('Keyword Results'!$A:$A,"Burmese_people",'Keyword Results'!$E:$E) -> 2 | D22: =SUMIF('Keyword Results'!$A:$A,"Burmese_people",'Keyword Results'!$F:$F) -> 0 | E22: =SUMIF('Keyword Results'!$A:$A,"Burmese_people",'Keyword Results'!$G:$G) -> 0 | F22: =SUMIF('Keyword Results'!$A:$A,"Burmese_people",'Keyword Results'!$H:$H) -> 0 | G22: =SUMIF('Keyword Results'!$A:$A,"Burmese_people",'Keyword Results'!$I:$I) -> 0 | H22: =SUMIF('Keyword Results'!$A:$A,"Burmese_people",'Keyword Results'!$J:$J) -> 0 | I22: =SUMIF('Keyword Results'!$A:$A,"Burmese_people",'Keyword Results'!$K:$K) -> 0 | J22: =SUMIF('Keyword Results'!$A:$A,"Burmese_people",'Keyword Results'!$L:$L) -> 0 | K22: =SUMIF('Keyword Results'!$A:$A,"Burmese_people",'Keyword Results'!$M:$M) -> 0 | L22: =SUMIF('Keyword Results'!$A:$A,"Burmese_people",'Keyword Results'!$N:$N) -> 0 | M22: =SUMIF('Keyword Results'!$A:$A,"Burmese_people",'Keyword Results'!$O:$O) -> 0 | N22: =SUMIF('Keyword Results'!$A:$A,"Burmese_people",'Keyword Results'!$P:$P) -> 0 | O22: =SUMIF('Keyword Results'!$A:$A,"Burmese_people",'Keyword Results'!$Q:$Q) -> 0 | P22: =SUMIF('Keyword Results'!$A:$A,"Burmese_people",'Keyword Results'!$R:$R) -> 0 | Q22: =SUMIF('Keyword Results'!$A:$A,"Burmese_people",'Keyword Results'!$S:$S) -> 0 | R22: =SUMIF('Keyword Results'!$A:$A,"Burmese_people",'Keyword Results'!$T:$T) -> 0 | S22: =SUMIF('Keyword Results'!$A:$A,"Burmese_people",'Keyword Results'!$U:$U) -> 0 | T22: =SUMIF('Keyword Results'!$A:$A,"Burmese_people",'Keyword Results'!$V:$V) -> 0 | U22: =SUMIF('Keyword Results'!$A:$A,"Burmese_people",'Keyword Results'!$W:$W) -> 0 | V22: =SUMIF('Keyword Results'!$A:$A,"Burmese_people",'Keyword Results'!$X:$X) -> 0 | W22: =SUM(C22:V22) -> 2
A23: Canadians | B23: =SUMIF('Keyword Results'!$A:$A,"Canadians",'Keyword Results'!$D:$D) -> 5 | C23: =SUMIF('Keyword Results'!$A:$A,"Canadians",'Keyword Results'!$E:$E) -> 0 | D23: =SUMIF('Keyword Results'!$A:$A,"Canadians",'Keyword Results'!$F:$F) -> 0 | E23: =SUMIF('Keyword Results'!$A:$A,"Canadians",'Keyword Results'!$G:$G) -> 0 | F23: =SUMIF('Keyword Results'!$A:$A,"Canadians",'Keyword Results'!$H:$H) -> 0 | G23: =SUMIF('Keyword Results'!$A:$A,"Canadians",'Keyword Results'!$I:$I) -> 0 | H23: =SUMIF('Keyword Results'!$A:$A,"Canadians",'Keyword Results'!$J:$J) -> 0 | I23: =SUMIF('Keyword Results'!$A:$A,"Canadians",'Keyword Results'!$K:$K) -> 0 | J23: =SUMIF('Keyword Results'!$A:$A,"Canadians",'Keyword Results'!$L:$L) -> 0 | K23: =SUMIF('Keyword Results'!$A:$A,"Canadians",'Keyword Results'!$M:$M) -> 0 | L23: =SUMIF('Keyword Results'!$A:$A,"Canadians",'Keyword Results'!$N:$N) -> 0 | M23: =SUMIF('Keyword Results'!$A:$A,"Canadians",'Keyword Results'!$O:$O) -> 0 | N23: =SUMIF('Keyword Results'!$A:$A,"Canadians",'Keyword Results'!$P:$P) -> 0 | O23: =SUMIF('Keyword Results'!$A:$A,"Canadians",'Keyword Results'!$Q:$Q) -> 0 | P23: =SUMIF('Keyword Results'!$A:$A,"Canadians",'Keyword Results'!$R:$R) -> 0 | Q23: =SUMIF('Keyword Results'!$A:$A,"Canadians",'Keyword Results'!$S:$S) -> 0 | R23: =SUMIF('Keyword Results'!$A:$A,"Canadians",'Keyword Results'!$T:$T) -> 0 | S23: =SUMIF('Keyword Results'!$A:$A,"Canadians",'Keyword Results'!$U:$U) -> 0 | T23: =SUMIF('Keyword Results'!$A:$A,"Canadians",'Keyword Results'!$V:$V) -> 0 | U23: =SUMIF('Keyword Results'!$A:$A,"Canadians",'Keyword Results'!$W:$W) -> 0 | V23: =SUMIF('Keyword Results'!$A:$A,"Canadians",'Keyword Results'!$X:$X) -> 0 | W23: =SUM(C23:V23) -> 0
A24: Cape_Verdeans | B24: =SUMIF('Keyword Results'!$A:$A,"Cape_Verdeans",'Keyword Results'!$D:$D) -> 7 | C24: =SUMIF('Keyword Results'!$A:$A,"Cape_Verdeans",'Keyword Results'!$E:$E) -> 0 | D24: =SUMIF('Keyword Results'!$A:$A,"Cape_Verdeans",'Keyword Results'!$F:$F) -> 0 | E24: =SUMIF('Keyword Results'!$A:$A,"Cape_Verdeans",'Keyword Results'!$G:$G) -> 0 | F24: =SUMIF('Keyword Results'!$A:$A,"Cape_Verdeans",'Keyword Results'!$H:$H) -> 0 | G24: =SUMIF('Keyword Results'!$A:$A,"Cape_Verdeans",'Keyword Results'!$I:$I) -> 0 | H24: =SUMIF('Keyword Results'!$A:$A,"Cape_Verdeans",'Keyword Results'!$J:$J) -> 0 | I24: =SUMIF('Keyword Results'!$A:$A,"Cape_Verdeans",'Keyword Results'!$K:$K) -> 0 | J24: =SUMIF('Keyword Results'!$A:$A,"Cape_Verdeans",'Keyword Results'!$L:$L) -> 0 | K24: =SUMIF('Keyword Results'!$A:$A,"Cape_Verdeans",'Keyword Results'!$M:$M) -> 0 | L24: =SUMIF('Keyword Results'!$A:$A,"Cape_Verdeans",'Keyword Results'!$N:$N) -> 0 | M24: =SUMIF('Keyword Results'!$A:$A,"Cape_Verdeans",'Keyword Results'!$O:$O) -> 0 | N24: =SUMIF('Keyword Results'!$A:$A,"Cape_Verdeans",'Keyword Results'!$P:$P) -> 0 | O24: =SUMIF('Keyword Results'!$A:$A,"Cape_Verdeans",'Keyword Results'!$Q:$Q) -> 0 | P24: =SUMIF('Keyword Results'!$A:$A,"Cape_Verdeans",'Keyword Results'!$R:$R) -> 0 | Q24: =SUMIF('Keyword Results'!$A:$A,"Cape_Verdeans",'Keyword Results'!$S:$S) -> 0 | R24: =SUMIF('Keyword Results'!$A:$A,"Cape_Verdeans",'Keyword Results'!$T:$T) -> 0 | S24: =SUMIF('Keyword Results'!$A:$A,"Cape_Verdeans",'Keyword Results'!$U:$U) -> 0 | T24: =SUMIF('Keyword Results'!$A:$A,"Cape_Verdeans",'Keyword Results'!$V:$V) -> 0 | U24: =SUMIF('Keyword Results'!$A:$A,"Cape_Verdeans",'Keyword Results'!$W:$W) -> 0 | V24: =SUMIF('Keyword Results'!$A:$A,"Cape_Verdeans",'Keyword Results'!$X:$X) -> 0 | W24: =SUM(C24:V24) -> 0
A25: Chileans | B25: =SUMIF('Keyword Results'!$A:$A,"Chileans",'Keyword Results'!$D:$D) -> 9 | C25: =SUMIF('Keyword Results'!$A:$A,"Chileans",'Keyword Results'!$E:$E) -> 0 | D25: =SUMIF('Keyword Results'!$A:$A,"Chileans",'Keyword Results'!$F:$F) -> 0 | E25: =SUMIF('Keyword Results'!$A:$A,"Chileans",'Keyword Results'!$G:$G) -> 0 | F25: =SUMIF('Keyword Results'!$A:$A,"Chileans",'Keyword Results'!$H:$H) -> 0 | G25: =SUMIF('Keyword Results'!$A:$A,"Chileans",'Keyword Results'!$I:$I) -> 0 | H25: =SUMIF('Keyword Results'!$A:$A,"Chileans",'Keyword Results'!$J:$J) -> 0 | I25: =SUMIF('Keyword Results'!$A:$A,"Chileans",'Keyword Results'!$K:$K) -> 0 | J25: =SUMIF('Keyword Results'!$A:$A,"Chileans",'Keyword Results'!$L:$L) -> 0 | K25: =SUMIF('Keyword Results'!$A:$A,"Chileans",'Keyword Results'!$M:$M) -> 0 | L25: =SUMIF('Keyword Results'!$A:$A,"Chileans",'Keyword Results'!$N:$N) -> 0 | M25: =SUMIF('Keyword Results'!$A:$A,"Chileans",'Keyword Results'!$O:$O) -> 0 | N25: =SUMIF('Keyword Results'!$A:$A,"Chileans",'Keyword Results'!$P:$P) -> 0 | O25: =SUMIF('Keyword Results'!$A:$A,"Chileans",'Keyword Results'!$Q:$Q) -> 0 | P25: =SUMIF('Keyword Results'!$A:$A,"Chileans",'Keyword Results'!$R:$R) -> 0 | Q25: =SUMIF('Keyword Results'!$A:$A,"Chileans",'Keyword Results'!$S:$S) -> 0 | R25: =SUMIF('Keyword Results'!$A:$A,"Chileans",'Keyword Results'!$T:$T) -> 0 | S25: =SUMIF('Keyword Results'!$A:$A,"Chileans",'Keyword Results'!$U:$U) -> 0 | T25: =SUMIF('Keyword Results'!$A:$A,"Chileans",'Keyword Results'!$V:$V) -> 0 | U25: =SUMIF('Keyword Results'!$A:$A,"Chileans",'Keyword Results'!$W:$W) -> 0 | V25: =SUMIF('Keyword Results'!$A:$A,"Chileans",'Keyword Results'!$X:$X) -> 0 | W25: =SUM(C25:V25) -> 0
A26: Chinese_people | B26: =SUMIF('Keyword Results'!$A:$A,"Chinese_people",'Keyword Results'!$D:$D) -> 5 | C26: =SUMIF('Keyword Results'!$A:$A,"Chinese_people",'Keyword Results'!$E:$E) -> 0 | D26: =SUMIF('Keyword Results'!$A:$A,"Chinese_people",'Keyword Results'!$F:$F) -> 0 | E26: =SUMIF('Keyword Results'!$A:$A,"Chinese_people",'Keyword Results'!$G:$G) -> 0 | F26: =SUMIF('Keyword Results'!$A:$A,"Chinese_people",'Keyword Results'!$H:$H) -> 0 | G26: =SUMIF('Keyword Results'!$A:$A,"Chinese_people",'Keyword Results'!$I:$I) -> 0 | H26: =SUMIF('Keyword Results'!$A:$A,"Chinese_people",'Keyword Results'!$J:$J) -> 0 | I26: =SUMIF('Keyword Results'!$A:$A,"Chinese_people",'Keyword Results'!$K:$K) -> 0 | J26: =SUMIF('Keyword Results'!$A:$A,"Chinese_people",'Keyword Results'!$L:$L) -> 0 | K26: =SUMIF('Keyword Results'!$A:$A,"Chinese_people",'Keyword Results'!$M:$M) -> 0 | L26: =SUMIF('Keyword Results'!$A:$A,"Chinese_people",'Keyword Results'!$N:$N) -> 0 | M26: =SUMIF('Keyword Results'!$A:$A,"Chinese_people",'Keyword Results'!$O:$O) -> 0 | N26: =SUMIF('Keyword Results'!$A:$A,"Chinese_people",'Keyword Results'!$P:$P) -> 0 | O26: =SUMIF('Keyword Results'!$A:$A,"Chinese_people",'Keyword Results'!$Q:$Q) -> 0 | P26: =SUMIF('Keyword Results'!$A:$A,"Chinese_people",'Keyword Results'!$R:$R) -> 0 | Q26: =SUMIF('Keyword Results'!$A:$A,"Chinese_people",'Keyword Results'!$S:$S) -> 0 | R26: =SUMIF('Keyword Results'!$A:$A,"Chinese_people",'Keyword Results'!$T:$T) -> 0 | S26: =SUMIF('Keyword Results'!$A:$A,"Chinese_people",'Keyword Results'!$U:$U) -> 0 | T26: =SUMIF('Keyword Results'!$A:$A,"Chinese_people",'Keyword Results'!$V:$V) -> 0 | U26: =SUMIF('Keyword Results'!$A:$A,"Chinese_people",'Keyword Results'!$W:$W) -> 0 | V26: =SUMIF('Keyword Results'!$A:$A,"Chinese_people",'Keyword Results'!$X:$X) -> 0 | W26: =SUM(C26:V26) -> 0
A27: Colombians | B27: =SUMIF('Keyword Results'!$A:$A,"Colombians",'Keyword Results'!$D:$D) -> 10 | C27: =SUMIF('Keyword Results'!$A:$A,"Colombians",'Keyword Results'!$E:$E) -> 0 | D27: =SUMIF('Keyword Results'!$A:$A,"Colombians",'Keyword Results'!$F:$F) -> 0 | E27: =SUMIF('Keyword Results'!$A:$A,"Colombians",'Keyword Results'!$G:$G) -> 3 | F27: =SUMIF('Keyword Results'!$A:$A,"Colombians",'Keyword Results'!$H:$H) -> 0 | G27: =SUMIF('Keyword Results'!$A:$A,"Colombians",'Keyword Results'!$I:$I) -> 0 | H27: =SUMIF('Keyword Results'!$A:$A,"Colombians",'Keyword Results'!$J:$J) -> 0 | I27: =SUMIF('Keyword Results'!$A:$A,"Colombians",'Keyword Results'!$K:$K) -> 0 | J27: =SUMIF('Keyword Results'!$A:$A,"Colombians",'Keyword Results'!$L:$L) -> 0 | K27: =SUMIF('Keyword Results'!$A:$A,"Colombians",'Keyword Results'!$M:$M) -> 0 | L27: =SUMIF('Keyword Results'!$A:$A,"Colombians",'Keyword Results'!$N:$N) -> 0 | M27: =SUMIF('Keyword Results'!$A:$A,"Colombians",'Keyword Results'!$O:$O) -> 0 | N27: =SUMIF('Keyword Results'!$A:$A,"Colombians",'Keyword Results'!$P:$P) -> 0 | O27: =SUMIF('Keyword Results'!$A:$A,"Colombians",'Keyword Results'!$Q:$Q) -> 0 | P27: =SUMIF('Keyword Results'!$A:$A,"Colombians",'Keyword Results'!$R:$R) -> 0 | Q27: =SUMIF('Keyword Results'!$A:$A,"Colombians",'Keyword Results'!$S:$S) -> 0 | R27: =SUMIF('Keyword Results'!$A:$A,"Colombians",'Keyword Results'!$T:$T) -> 0 | S27: =SUMIF('Keyword Results'!$A:$A,"Colombians",'Keyword Results'!$U:$U) -> 0 | T27: =SUMIF('Keyword Results'!$A:$A,"Colombians",'Keyword Results'!$V:$V) -> 0 | U27: =SUMIF('Keyword Results'!$A:$A,"Colombians",'Keyword Results'!$W:$W) -> 0 | V27: =SUMIF('Keyword Results'!$A:$A,"Colombians",'Keyword Results'!$X:$X) -> 0 | W27: =SUM(C27:V27) -> 3
A28: Cook_Islanders | B28: =SUMIF('Keyword Results'!$A:$A,"Cook_Islanders",'Keyword Results'!$D:$D) -> 9 | C28: =SUMIF('Keyword Results'!$A:$A,"Cook_Islanders",'Keyword Results'!$E:$E) -> 0 | D28: =SUMIF('Keyword Results'!$A:$A,"Cook_Islanders",'Keyword Results'!$F:$F) -> 0 | E28: =SUMIF('Keyword Results'!$A:$A,"Cook_Islanders",'Keyword Results'!$G:$G) -> 0 | F28: =SUMIF('Keyword Results'!$A:$A,"Cook_Islanders",'Keyword Results'!$H:$H) -> 0 | G28: =SUMIF('Keyword Results'!$A:$A,"Cook_Islanders",'Keyword Results'!$I:$I) -> 0 | H28: =SUMIF('Keyword Results'!$A:$A,"Cook_Islanders",'Keyword Results'!$J:$J) -> 0 | I28: =SUMIF('Keyword Results'!$A:$A,"Cook_Islanders",'Keyword Results'!$K:$K) -> 0 | J28: =SUMIF('Keyword Results'!$A:$A,"Cook_Islanders",'Keyword Results'!$L:$L) -> 0 | K28: =SUMIF('Keyword Results'!$A:$A,"Cook_Islanders",'Keyword Results'!$M:$M) -> 0 | L28: =SUMIF('Keyword Results'!$A:$A,"Cook_Islanders",'Keyword Results'!$N:$N) -> 0 | M28: =SUMIF('Keyword Results'!$A:$A,"Cook_Islanders",'Keyword Results'!$O:$O) -> 0 | N28: =SUMIF('Keyword Results'!$A:$A,"Cook_Islanders",'Keyword Results'!$P:$P) -> 0 | O28: =SUMIF('Keyword Results'!$A:$A,"Cook_Islanders",'Keyword Results'!$Q:$Q) -> 0 | P28: =SUMIF('Keyword Results'!$A:$A,"Cook_Islanders",'Keyword Results'!$R:$R) -> 0 | Q28: =SUMIF('Keyword Results'!$A:$A,"Cook_Islanders",'Keyword Results'!$S:$S) -> 0 | R28: =SUMIF('Keyword Results'!$A:$A,"Cook_Islanders",'Keyword Results'!$T:$T) -> 0 | S28: =SUMIF('Keyword Results'!$A:$A,"Cook_Islanders",'Keyword Results'!$U:$U) -> 0 | T28: =SUMIF('Keyword Results'!$A:$A,"Cook_Islanders",'Keyword Results'!$V:$V) -> 0 | U28: =SUMIF('Keyword Results'!$A:$A,"Cook_Islanders",'Keyword Results'!$W:$W) -> 0 | V28: =SUMIF('Keyword Results'!$A:$A,"Cook_Islanders",'Keyword Results'!$X:$X) -> 0 | W28: =SUM(C28:V28) -> 0
A29: Costa_Ricans | B29: =SUMIF('Keyword Results'!$A:$A,"Costa_Ricans",'Keyword Results'!$D:$D) -> 8 | C29: =SUMIF('Keyword Results'!$A:$A,"Costa_Ricans",'Keyword Results'!$E:$E) -> 1 | D29: =SUMIF('Keyword Results'!$A:$A,"Costa_Ricans",'Keyword Results'!$F:$F) -> 0 | E29: =SUMIF('Keyword Results'!$A:$A,"Costa_Ricans",'Keyword Results'!$G:$G) -> 0 | F29: =SUMIF('Keyword Results'!$A:$A,"Costa_Ricans",'Keyword Results'!$H:$H) -> 0 | G29: =SUMIF('Keyword Results'!$A:$A,"Costa_Ricans",'Keyword Results'!$I:$I) -> 1 | H29: =SUMIF('Keyword Results'!$A:$A,"Costa_Ricans",'Keyword Results'!$J:$J) -> 0 | I29: =SUMIF('Keyword Results'!$A:$A,"Costa_Ricans",'Keyword Results'!$K:$K) -> 0 | J29: =SUMIF('Keyword Results'!$A:$A,"Costa_Ricans",'Keyword Results'!$L:$L) -> 0 | K29: =SUMIF('Keyword Results'!$A:$A,"Costa_Ricans",'Keyword Results'!$M:$M) -> 0 | L29: =SUMIF('Keyword Results'!$A:$A,"Costa_Ricans",'Keyword Results'!$N:$N) -> 0 | M29: =SUMIF('Keyword Results'!$A:$A,"Costa_Ricans",'Keyword Results'!$O:$O) -> 0 | N29: =SUMIF('Keyword Results'!$A:$A,"Costa_Ricans",'Keyword Results'!$P:$P) -> 0 | O29: =SUMIF('Keyword Results'!$A:$A,"Costa_Ricans",'Keyword Results'!$Q:$Q) -> 0 | P29: =SUMIF('Keyword Results'!$A:$A,"Costa_Ricans",'Keyword Results'!$R:$R) -> 0 | Q29: =SUMIF('Keyword Results'!$A:$A,"Costa_Ricans",'Keyword Results'!$S:$S) -> 0 | R29: =SUMIF('Keyword Results'!$A:$A,"Costa_Ricans",'Keyword Results'!$T:$T) -> 0 | S29: =SUMIF('Keyword Results'!$A:$A,"Costa_Ricans",'Keyword Results'!$U:$U) -> 0 | T29: =SUMIF('Keyword Results'!$A:$A,"Costa_Ricans",'Keyword Results'!$V:$V) -> 0 | U29: =SUMIF('Keyword Results'!$A:$A,"Costa_Ricans",'Keyword Results'!$W:$W) -> 0 | V29: =SUMIF('Keyword Results'!$A:$A,"Costa_Ricans",'Keyword Results'!$X:$X) -> 0 | W29: =SUM(C29:V29) -> 2
A30: Croats | B30: =SUMIF('Keyword Results'!$A:$A,"Croats",'Keyword Results'!$D:$D) -> 10 | C30: =SUMIF('Keyword Results'!$A:$A,"Croats",'Keyword Results'!$E:$E) -> 2 | D30: =SUMIF('Keyword Results'!$A:$A,"Croats",'Keyword Results'!$F:$F) -> 0 | E30: =SUMIF('Keyword Results'!$A:$A,"Croats",'Keyword Results'!$G:$G) -> 1 | F30: =SUMIF('Keyword Results'!$A:$A,"Croats",'Keyword Results'!$H:$H) -> 0 | G30: =SUMIF('Keyword Results'!$A:$A,"Croats",'Keyword Results'!$I:$I) -> 0 | H30: =SUMIF('Keyword Results'!$A:$A,"Croats",'Keyword Results'!$J:$J) -> 0 | I30: =SUMIF('Keyword Results'!$A:$A,"Croats",'Keyword Results'!$K:$K) -> 0 | J30: =SUMIF('Keyword Results'!$A:$A,"Croats",'Keyword Results'!$L:$L) -> 0 | K30: =SUMIF('Keyword Results'!$A:$A,"Croats",'Keyword Results'!$M:$M) -> 0 | L30: =SUMIF('Keyword Results'!$A:$A,"Croats",'Keyword Results'!$N:$N) -> 0 | M30: =SUMIF('Keyword Results'!$A:$A,"Croats",'Keyword Results'!$O:$O) -> 0 | N30: =SUMIF('Keyword Results'!$A:$A,"Croats",'Keyword Results'!$P:$P) -> 0 | O30: =SUMIF('Keyword Results'!$A:$A,"Croats",'Keyword Results'!$Q:$Q) -> 0 | P30: =SUMIF('Keyword Results'!$A:$A,"Croats",'Keyword Results'!$R:$R) -> 0 | Q30: =SUMIF('Keyword Results'!$A:$A,"Croats",'Keyword Results'!$S:$S) -> 0 | R30: =SUMIF('Keyword Results'!$A:$A,"Croats",'Keyword Results'!$T:$T) -> 0 | S30: =SUMIF('Keyword Results'!$A:$A,"Croats",'Keyword Results'!$U:$U) -> 0 | T30: =SUMIF('Keyword Results'!$A:$A,"Croats",'Keyword Results'!$V:$V) -> 0 | U30: =SUMIF('Keyword Results'!$A:$A,"Croats",'Keyword Results'!$W:$W) -> 0 | V30: =SUMIF('Keyword Results'!$A:$A,"Croats",'Keyword Results'!$X:$X) -> 0 | W30: =SUM(C30:V30) -> 3
A31: Cubans | B31: =SUMIF('Keyword Results'!$A:$A,"Cubans",'Keyword Results'!$D:$D) -> 4 | C31: =SUMIF('Keyword Results'!$A:$A,"Cubans",'Keyword Results'!$E:$E) -> 0 | D31: =SUMIF('Keyword Results'!$A:$A,"Cubans",'Keyword Results'!$F:$F) -> 0 | E31: =SUMIF('Keyword Results'!$A:$A,"Cubans",'Keyword Results'!$G:$G) -> 0 | F31: =SUMIF('Keyword Results'!$A:$A,"Cubans",'Keyword Results'!$H:$H) -> 0 | G31: =SUMIF('Keyword Results'!$A:$A,"Cubans",'Keyword Results'!$I:$I) -> 0 | H31: =SUMIF('Keyword Results'!$A:$A,"Cubans",'Keyword Results'!$J:$J) -> 0 | I31: =SUMIF('Keyword Results'!$A:$A,"Cubans",'Keyword Results'!$K:$K) -> 0 | J31: =SUMIF('Keyword Results'!$A:$A,"Cubans",'Keyword Results'!$L:$L) -> 0 | K31: =SUMIF('Keyword Results'!$A:$A,"Cubans",'Keyword Results'!$M:$M) -> 0 | L31: =SUMIF('Keyword Results'!$A:$A,"Cubans",'Keyword Results'!$N:$N) -> 0 | M31: =SUMIF('Keyword Results'!$A:$A,"Cubans",'Keyword Results'!$O:$O) -> 0 | N31: =SUMIF('Keyword Results'!$A:$A,"Cubans",'Keyword Results'!$P:$P) -> 0 | O31: =SUMIF('Keyword Results'!$A:$A,"Cubans",'Keyword Results'!$Q:$Q) -> 0 | P31: =SUMIF('Keyword Results'!$A:$A,"Cubans",'Keyword Results'!$R:$R) -> 0 | Q31: =SUMIF('Keyword Results'!$A:$A,"Cubans",'Keyword Results'!$S:$S) -> 0 | R31: =SUMIF('Keyword Results'!$A:$A,"Cubans",'Keyword Results'!$T:$T) -> 0 | S31: =SUMIF('Keyword Results'!$A:$A,"Cubans",'Keyword Results'!$U:$U) -> 0 | T31: =SUMIF('Keyword Results'!$A:$A,"Cubans",'Keyword Results'!$V:$V) -> 0 | U31: =SUMIF('Keyword Results'!$A:$A,"Cubans",'Keyword Results'!$W:$W) -> 0 | V31: =SUMIF('Keyword Results'!$A:$A,"Cubans",'Keyword Results'!$X:$X) -> 0 | W31: =SUM(C31:V31) -> 0
A32: Czechs | B32: =SUMIF('Keyword Results'!$A:$A,"Czechs",'Keyword Results'!$D:$D) -> 8 | C32: =SUMIF('Keyword Results'!$A:$A,"Czechs",'Keyword Results'!$E:$E) -> 1 | D32: =SUMIF('Keyword Results'!$A:$A,"Czechs",'Keyword Results'!$F:$F) -> 0 | E32: =SUMIF('Keyword Results'!$A:$A,"Czechs",'Keyword Results'!$G:$G) -> 0 | F32: =SUMIF('Keyword Results'!$A:$A,"Czechs",'Keyword Results'!$H:$H) -> 0 | G32: =SUMIF('Keyword Results'!$A:$A,"Czechs",'Keyword Results'!$I:$I) -> 0 | H32: =SUMIF('Keyword Results'!$A:$A,"Czechs",'Keyword Results'!$J:$J) -> 0 | I32: =SUMIF('Keyword Results'!$A:$A,"Czechs",'Keyword Results'!$K:$K) -> 0 | J32: =SUMIF('Keyword Results'!$A:$A,"Czechs",'Keyword Results'!$L:$L) -> 0 | K32: =SUMIF('Keyword Results'!$A:$A,"Czechs",'Keyword Results'!$M:$M) -> 0 | L32: =SUMIF('Keyword Results'!$A:$A,"Czechs",'Keyword Results'!$N:$N) -> 0 | M32: =SUMIF('Keyword Results'!$A:$A,"Czechs",'Keyword Results'!$O:$O) -> 0 | N32: =SUMIF('Keyword Results'!$A:$A,"Czechs",'Keyword Results'!$P:$P) -> 0 | O32: =SUMIF('Keyword Results'!$A:$A,"Czechs",'Keyword Results'!$Q:$Q) -> 0 | P32: =SUMIF('Keyword Results'!$A:$A,"Czechs",'Keyword Results'!$R:$R) -> 0 | Q32: =SUMIF('Keyword Results'!$A:$A,"Czechs",'Keyword Results'!$S:$S) -> 0 | R32: =SUMIF('Keyword Results'!$A:$A,"Czechs",'Keyword Results'!$T:$T) -> 0 | S32: =SUMIF('Keyword Results'!$A:$A,"Czechs",'Keyword Results'!$U:$U) -> 0 | T32: =SUMIF('Keyword Results'!$A:$A,"Czechs",'Keyword Results'!$V:$V) -> 0 | U32: =SUMIF('Keyword Results'!$A:$A,"Czechs",'Keyword Results'!$W:$W) -> 0 | V32: =SUMIF('Keyword Results'!$A:$A,"Czechs",'Keyword Results'!$X:$X) -> 0 | W32: =SUM(C32:V32) -> 1
A33: Danes | B33: =SUMIF('Keyword Results'!$A:$A,"Danes",'Keyword Results'!$D:$D) -> 7 | C33: =SUMIF('Keyword Results'!$A:$A,"Danes",'Keyword Results'!$E:$E) -> 0 | D33: =SUMIF('Keyword Results'!$A:$A,"Danes",'Keyword Results'!$F:$F) -> 0 | E33: =SUMIF('Keyword Results'!$A:$A,"Danes",'Keyword Results'!$G:$G) -> 0 | F33: =SUMIF('Keyword Results'!$A:$A,"Danes",'Keyword Results'!$H:$H) -> 0 | G33: =SUMIF('Keyword Results'!$A:$A,"Danes",'Keyword Results'!$I:$I) -> 0 | H33: =SUMIF('Keyword Results'!$A:$A,"Danes",'Keyword Results'!$J:$J) -> 0 | I33: =SUMIF('Keyword Results'!$A:$A,"Danes",'Keyword Results'!$K:$K) -> 0 | J33: =SUMIF('Keyword Results'!$A:$A,"Danes",'Keyword Results'!$L:$L) -> 0 | K33: =SUMIF('Keyword Results'!$A:$A,"Danes",'Keyword Results'!$M:$M) -> 0 | L33: =SUMIF('Keyword Results'!$A:$A,"Danes",'Keyword Results'!$N:$N) -> 0 | M33: =SUMIF('Keyword Results'!$A:$A,"Danes",'Keyword Results'!$O:$O) -> 0 | N33: =SUMIF('Keyword Results'!$A:$A,"Danes",'Keyword Results'!$P:$P) -> 0 | O33: =SUMIF('Keyword Results'!$A:$A,"Danes",'Keyword Results'!$Q:$Q) -> 0 | P33: =SUMIF('Keyword Results'!$A:$A,"Danes",'Keyword Results'!$R:$R) -> 0 | Q33: =SUMIF('Keyword Results'!$A:$A,"Danes",'Keyword Results'!$S:$S) -> 0 | R33: =SUMIF('Keyword Results'!$A:$A,"Danes",'Keyword Results'!$T:$T) -> 0 | S33: =SUMIF('Keyword Results'!$A:$A,"Danes",'Keyword Results'!$U:$U) -> 0 | T33: =SUMIF('Keyword Results'!$A:$A,"Danes",'Keyword Results'!$V:$V) -> 0 | U33: =SUMIF('Keyword Results'!$A:$A,"Danes",'Keyword Results'!$W:$W) -> 0 | V33: =SUMIF('Keyword Results'!$A:$A,"Danes",'Keyword Results'!$X:$X) -> 0 | W33: =SUM(C33:V33) -> 0
A34: Djiboutians | B34: =SUMIF('Keyword Results'!$A:$A,"Djiboutians",'Keyword Results'!$D:$D) -> 11 | C34: =SUMIF('Keyword Results'!$A:$A,"Djiboutians",'Keyword Results'!$E:$E) -> 0 | D34: =SUMIF('Keyword Results'!$A:$A,"Djiboutians",'Keyword Results'!$F:$F) -> 0 | E34: =SUMIF('Keyword Results'!$A:$A,"Djiboutians",'Keyword Results'!$G:$G) -> 0 | F34: =SUMIF('Keyword Results'!$A:$A,"Djiboutians",'Keyword Results'!$H:$H) -> 0 | G34: =SUMIF('Keyword Results'!$A:$A,"Djiboutians",'Keyword Results'!$I:$I) -> 0 | H34: =SUMIF('Keyword Results'!$A:$A,"Djiboutians",'Keyword Results'!$J:$J) -> 0 | I34: =SUMIF('Keyword Results'!$A:$A,"Djiboutians",'Keyword Results'!$K:$K) -> 0 | J34: =SUMIF('Keyword Results'!$A:$A,"Djiboutians",'Keyword Results'!$L:$L) -> 0 | K34: =SUMIF('Keyword Results'!$A:$A,"Djiboutians",'Keyword Results'!$M:$M) -> 0 | L34: =SUMIF('Keyword Results'!$A:$A,"Djiboutians",'Keyword Results'!$N:$N) -> 0 | M34: =SUMIF('Keyword Results'!$A:$A,"Djiboutians",'Keyword Results'!$O:$O) -> 0 | N34: =SUMIF('Keyword Results'!$A:$A,"Djiboutians",'Keyword Results'!$P:$P) -> 0 | O34: =SUMIF('Keyword Results'!$A:$A,"Djiboutians",'Keyword Results'!$Q:$Q) -> 0 | P34: =SUMIF('Keyword Results'!$A:$A,"Djiboutians",'Keyword Results'!$R:$R) -> 0 | Q34: =SUMIF('Keyword Results'!$A:$A,"Djiboutians",'Keyword Results'!$S:$S) -> 0 | R34: =SUMIF('Keyword Results'!$A:$A,"Djiboutians",'Keyword Results'!$T:$T) -> 0 | S34: =SUMIF('Keyword Results'!$A:$A,"Djiboutians",'Keyword Results'!$U:$U) -> 0 | T34: =SUMIF('Keyword Results'!$A:$A,"Djiboutians",'Keyword Results'!$V:$V) -> 0 | U34: =SUMIF('Keyword Results'!$A:$A,"Djiboutians",'Keyword Results'!$W:$W) -> 0 | V34: =SUMIF('Keyword Results'!$A:$A,"Djiboutians",'Keyword Results'!$X:$X) -> 0 | W34: =SUM(C34:V34) -> 0
A35: Dominicans | B35: =SUMIF('Keyword Results'!$A:$A,"Dominicans",'Keyword Results'!$D:$D) -> 10 | C35: =SUMIF('Keyword Results'!$A:$A,"Dominicans",'Keyword Results'!$E:$E) -> 0 | D35: =SUMIF('Keyword Results'!$A:$A,"Dominicans",'Keyword Results'!$F:$F) -> 0 | E35: =SUMIF('Keyword Results'!$A:$A,"Dominicans",'Keyword Results'!$G:$G) -> 1 | F35: =SUMIF('Keyword Results'!$A:$A,"Dominicans",'Keyword Results'!$H:$H) -> 0 | G35: =SUMIF('Keyword Results'!$A:$A,"Dominicans",'Keyword Results'!$I:$I) -> 0 | H35: =SUMIF('Keyword Results'!$A:$A,"Dominicans",'Keyword Results'!$J:$J) -> 0 | I35: =SUMIF('Keyword Results'!$A:$A,"Dominicans",'Keyword Results'!$K:$K) -> 0 | J35: =SUMIF('Keyword Results'!$A:$A,"Dominicans",'Keyword Results'!$L:$L) -> 0 | K35: =SUMIF('Keyword Results'!$A:$A,"Dominicans",'Keyword Results'!$M:$M) -> 0 | L35: =SUMIF('Keyword Results'!$A:$A,"Dominicans",'Keyword Results'!$N:$N) -> 0 | M35: =SUMIF('Keyword Results'!$A:$A,"Dominicans",'Keyword Results'!$O:$O) -> 0 | N35: =SUMIF('Keyword Results'!$A:$A,"Dominicans",'Keyword Results'!$P:$P) -> 0 | O35: =SUMIF('Keyword Results'!$A:$A,"Dominicans",'Keyword Results'!$Q:$Q) -> 0 | P35: =SUMIF('Keyword Results'!$A:$A,"Dominicans",'Keyword Results'!$R:$R) -> 0 | Q35: =SUMIF('Keyword Results'!$A:$A,"Dominicans",'Keyword Results'!$S:$S) -> 0 | R35: =SUMIF('Keyword Results'!$A:$A,"Dominicans",'Keyword Results'!$T:$T) -> 0 | S35: =SUMIF('Keyword Results'!$A:$A,"Dominicans",'Keyword Results'!$U:$U) -> 0 | T35: =SUMIF('Keyword Results'!$A:$A,"Dominicans",'Keyword Results'!$V:$V) -> 0 | U35: =SUMIF('Keyword Results'!$A:$A,"Dominicans",'Keyword Results'!$W:$W) -> 0 | V35: =SUMIF('Keyword Results'!$A:$A,"Dominicans",'Keyword Results'!$X:$X) -> 0 | W35: =SUM(C35:V35) -> 1
A36: Dutch_people | B36: =SUMIF('Keyword Results'!$A:$A,"Dutch_people",'Keyword Results'!$D:$D) -> 3 | C36: =SUMIF('Keyword Results'!$A:$A,"Dutch_people",'Keyword Results'!$E:$E) -> 0 | D36: =SUMIF('Keyword Results'!$A:$A,"Dutch_people",'Keyword Results'!$F:$F) -> 0 | E36: =SUMIF('Keyword Results'!$A:$A,"Dutch_people",'Keyword Results'!$G:$G) -> 0 | F36: =SUMIF('Keyword Results'!$A:$A,"Dutch_people",'Keyword Results'!$H:$H) -> 0 | G36: =SUMIF('Keyword Results'!$A:$A,"Dutch_people",'Keyword Results'!$I:$I) -> 0 | H36: =SUMIF('Keyword Results'!$A:$A,"Dutch_people",'Keyword Results'!$J:$J) -> 0 | I36: =SUMIF('Keyword Results'!$A:$A,"Dutch_people",'Keyword Results'!$K:$K) -> 0 | J36: =SUMIF('Keyword Results'!$A:$A,"Dutch_people",'Keyword Results'!$L:$L) -> 0 | K36: =SUMIF('Keyword Results'!$A:$A,"Dutch_people",'Keyword Results'!$M:$M) -> 0 | L36: =SUMIF('Keyword Results'!$A:$A,"Dutch_people",'Keyword Results'!$N:$N) -> 0 | M36: =SUMIF('Keyword Results'!$A:$A,"Dutch_people",'Keyword Results'!$O:$O) -> 0 | N36: =SUMIF('Keyword Results'!$A:$A,"Dutch_people",'Keyword Results'!$P:$P) -> 0 | O36: =SUMIF('Keyword Results'!$A:$A,"Dutch_people",'Keyword Results'!$Q:$Q) -> 0 | P36: =SUMIF('Keyword Results'!$A:$A,"Dutch_people",'Keyword Results'!$R:$R) -> 0 | Q36: =SUMIF('Keyword Results'!$A:$A,"Dutch_people",'Keyword Results'!$S:$S) -> 0 | R36: =SUMIF('Keyword Results'!$A:$A,"Dutch_people",'Keyword Results'!$T:$T) -> 0 | S36: =SUMIF('Keyword Results'!$A:$A,"Dutch_people",'Keyword Results'!$U:$U) -> 0 | T36: =SUMIF('Keyword Results'!$A:$A,"Dutch_people",'Keyword Results'!$V:$V) -> 0 | U36: =SUMIF('Keyword Results'!$A:$A,"Dutch_people",'Keyword Results'!$W:$W) -> 0 | V36: =SUMIF('Keyword Results'!$A:$A,"Dutch_people",'Keyword Results'!$X:$X) -> 0 | W36: =SUM(C36:V36) -> 0
A37: Ecuadorians | B37: =SUMIF('Keyword Results'!$A:$A,"Ecuadorians",'Keyword Results'!$D:$D) -> 9 | C37: =SUMIF('Keyword Results'!$A:$A,"Ecuadorians",'Keyword Results'!$E:$E) -> 0 | D37: =SUMIF('Keyword Results'!$A:$A,"Ecuadorians",'Keyword Results'!$F:$F) -> 0 | E37: =SUMIF('Keyword Results'!$A:$A,"Ecuadorians",'Keyword Results'!$G:$G) -> 0 | F37: =SUMIF('Keyword Results'!$A:$A,"Ecuadorians",'Keyword Results'!$H:$H) -> 0 | G37: =SUMIF('Keyword Results'!$A:$A,"Ecuadorians",'Keyword Results'!$I:$I) -> 1 | H37: =SUMIF('Keyword Results'!$A:$A,"Ecuadorians",'Keyword Results'!$J:$J) -> 0 | I37: =SUMIF('Keyword Results'!$A:$A,"Ecuadorians",'Keyword Results'!$K:$K) -> 0 | J37: =SUMIF('Keyword Results'!$A:$A,"Ecuadorians",'Keyword Results'!$L:$L) -> 0 | K37: =SUMIF('Keyword Results'!$A:$A,"Ecuadorians",'Keyword Results'!$M:$M) -> 0 | L37: =SUMIF('Keyword Results'!$A:$A,"Ecuadorians",'Keyword Results'!$N:$N) -> 0 | M37: =SUMIF('Keyword Results'!$A:$A,"Ecuadorians",'Keyword Results'!$O:$O) -> 0 | N37: =SUMIF('Keyword Results'!$A:$A,"Ecuadorians",'Keyword Results'!$P:$P) -> 0 | O37: =SUMIF('Keyword Results'!$A:$A,"Ecuadorians",'Keyword Results'!$Q:$Q) -> 0 | P37: =SUMIF('Keyword Results'!$A:$A,"Ecuadorians",'Keyword Results'!$R:$R) -> 0 | Q37: =SUMIF('Keyword Results'!$A:$A,"Ecuadorians",'Keyword Results'!$S:$S) -> 0 | R37: =SUMIF('Keyword Results'!$A:$A,"Ecuadorians",'Keyword Results'!$T:$T) -> 0 | S37: =SUMIF('Keyword Results'!$A:$A,"Ecuadorians",'Keyword Results'!$U:$U) -> 0 | T37: =SUMIF('Keyword Results'!$A:$A,"Ecuadorians",'Keyword Results'!$V:$V) -> 0 | U37: =SUMIF('Keyword Results'!$A:$A,"Ecuadorians",'Keyword Results'!$W:$W) -> 0 | V37: =SUMIF('Keyword Results'!$A:$A,"Ecuadorians",'Keyword Results'!$X:$X) -> 0 | W37: =SUM(C37:V37) -> 1
A38: Egyptians | B38: =SUMIF('Keyword Results'!$A:$A,"Egyptians",'Keyword Results'!$D:$D) -> 14 | C38: =SUMIF('Keyword Results'!$A:$A,"Egyptians",'Keyword Results'!$E:$E) -> 0 | D38: =SUMIF('Keyword Results'!$A:$A,"Egyptians",'Keyword Results'!$F:$F) -> 0 | E38: =SUMIF('Keyword Results'!$A:$A,"Egyptians",'Keyword Results'!$G:$G) -> 0 | F38: =SUMIF('Keyword Results'!$A:$A,"Egyptians",'Keyword Results'!$H:$H) -> 0 | G38: =SUMIF('Keyword Results'!$A:$A,"Egyptians",'Keyword Results'!$I:$I) -> 0 | H38: =SUMIF('Keyword Results'!$A:$A,"Egyptians",'Keyword Results'!$J:$J) -> 0 | I38: =SUMIF('Keyword Results'!$A:$A,"Egyptians",'Keyword Results'!$K:$K) -> 0 | J38: =SUMIF('Keyword Results'!$A:$A,"Egyptians",'Keyword Results'!$L:$L) -> 0 | K38: =SUMIF('Keyword Results'!$A:$A,"Egyptians",'Keyword Results'!$M:$M) -> 0 | L38: =SUMIF('Keyword Results'!$A:$A,"Egyptians",'Keyword Results'!$N:$N) -> 0 | M38: =SUMIF('Keyword Results'!$A:$A,"Egyptians",'Keyword Results'!$O:$O) -> 0 | N38: =SUMIF('Keyword Results'!$A:$A,"Egyptians",'Keyword Results'!$P:$P) -> 0 | O38: =SUMIF('Keyword Results'!$A:$A,"Egyptians",'Keyword Results'!$Q:$Q) -> 0 | P38: =SUMIF('Keyword Results'!$A:$A,"Egyptians",'Keyword Results'!$R:$R) -> 0 | Q38: =SUMIF('Keyword Results'!$A:$A,"Egyptians",'Keyword Results'!$S:$S) -> 0 | R38: =SUMIF('Keyword Results'!$A:$A,"Egyptians",'Keyword Results'!$T:$T) -> 0 | S38: =SUMIF('Keyword Results'!$A:$A,"Egyptians",'Keyword Results'!$U:$U) -> 0 | T38: =SUMIF('Keyword Results'!$A:$A,"Egyptians",'Keyword Results'!$V:$V) -> 0 | U38: =SUMIF('Keyword Results'!$A:$A,"Egyptians",'Keyword Results'!$W:$W) -> 0 | V38: =SUMIF('Keyword Results'!$A:$A,"Egyptians",'Keyword Results'!$X:$X) -> 0 | W38: =SUM(C38:V38) -> 0
A39: Emiratis | B39: =SUMIF('Keyword Results'!$A:$A,"Emiratis",'Keyword Results'!$D:$D) -> 8 | C39: =SUMIF('Keyword Results'!$A:$A,"Emiratis",'Keyword Results'!$E:$E) -> 1 | D39: =SUMIF('Keyword Results'!$A:$A,"Emiratis",'Keyword Results'!$F:$F) -> 0 | E39: =SUMIF('Keyword Results'!$A:$A,"Emiratis",'Keyword Results'!$G:$G) -> 0 | F39: =SUMIF('Keyword Results'!$A:$A,"Emiratis",'Keyword Results'!$H:$H) -> 0 | G39: =SUMIF('Keyword Results'!$A:$A,"Emiratis",'Keyword Results'!$I:$I) -> 0 | H39: =SUMIF('Keyword Results'!$A:$A,"Emiratis",'Keyword Results'!$J:$J) -> 0 | I39: =SUMIF('Keyword Results'!$A:$A,"Emiratis",'Keyword Results'!$K:$K) -> 0 | J39: =SUMIF('Keyword Results'!$A:$A,"Emiratis",'Keyword Results'!$L:$L) -> 0 | K39: =SUMIF('Keyword Results'!$A:$A,"Emiratis",'Keyword Results'!$M:$M) -> 0 | L39: =SUMIF('Keyword Results'!$A:$A,"Emiratis",'Keyword Results'!$N:$N) -> 0 | M39: =SUMIF('Keyword Results'!$A:$A,"Emiratis",'Keyword Results'!$O:$O) -> 0 | N39: =SUMIF('Keyword Results'!$A:$A,"Emiratis",'Keyword Results'!$P:$P) -> 0 | O39: =SUMIF('Keyword Results'!$A:$A,"Emiratis",'Keyword Results'!$Q:$Q) -> 0 | P39: =SUMIF('Keyword Results'!$A:$A,"Emiratis",'Keyword Results'!$R:$R) -> 0 | Q39: =SUMIF('Keyword Results'!$A:$A,"Emiratis",'Keyword Results'!$S:$S) -> 0 | R39: =SUMIF('Keyword Results'!$A:$A,"Emiratis",'Keyword Results'!$T:$T) -> 0 | S39: =SUMIF('Keyword Results'!$A:$A,"Emiratis",'Keyword Results'!$U:$U) -> 0 | T39: =SUMIF('Keyword Results'!$A:$A,"Emiratis",'Keyword Results'!$V:$V) -> 0 | U39: =SUMIF('Keyword Results'!$A:$A,"Emiratis",'Keyword Results'!$W:$W) -> 0 | V39: =SUMIF('Keyword Results'!$A:$A,"Emiratis",'Keyword Results'!$X:$X) -> 0 | W39: =SUM(C39:V39) -> 1
A40: English_people | B40: =SUMIF('Keyword Results'!$A:$A,"English_people",'Keyword Results'!$D:$D) -> 13 | C40: =SUMIF('Keyword Results'!$A:$A,"English_people",'Keyword Results'!$E:$E) -> 0 | D40: =SUMIF('Keyword Results'!$A:$A,"English_people",'Keyword Results'!$F:$F) -> 0 | E40: =SUMIF('Keyword Results'!$A:$A,"English_people",'Keyword Results'!$G:$G) -> 0 | F40: =SUMIF('Keyword Results'!$A:$A,"English_people",'Keyword Results'!$H:$H) -> 0 | G40: =SUMIF('Keyword Results'!$A:$A,"English_people",'Keyword Results'!$I:$I) -> 0 | H40: =SUMIF('Keyword Results'!$A:$A,"English_people",'Keyword Results'!$J:$J) -> 0 | I40: =SUMIF('Keyword Results'!$A:$A,"English_people",'Keyword Results'!$K:$K) -> 0 | J40: =SUMIF('Keyword Results'!$A:$A,"English_people",'Keyword Results'!$L:$L) -> 0 | K40: =SUMIF('Keyword Results'!$A:$A,"English_people",'Keyword Results'!$M:$M) -> 0 | L40: =SUMIF('Keyword Results'!$A:$A,"English_people",'Keyword Results'!$N:$N) -> 0 | M40: =SUMIF('Keyword Results'!$A:$A,"English_people",'Keyword Results'!$O:$O) -> 0 | N40: =SUMIF('Keyword Results'!$A:$A,"English_people",'Keyword Results'!$P:$P) -> 0 | O40: =SUMIF('Keyword Results'!$A:$A,"English_people",'Keyword Results'!$Q:$Q) -> 0 | P40: =SUMIF('Keyword Results'!$A:$A,"English_people",'Keyword Results'!$R:$R) -> 0 | Q40: =SUMIF('Keyword Results'!$A:$A,"English_people",'Keyword Results'!$S:$S) -> 0 | R40: =SUMIF('Keyword Results'!$A:$A,"English_people",'Keyword Results'!$T:$T) -> 0 | S40: =SUMIF('Keyword Results'!$A:$A,"English_people",'Keyword Results'!$U:$U) -> 0 | T40: =SUMIF('Keyword Results'!$A:$A,"English_people",'Keyword Results'!$V:$V) -> 0 | U40: =SUMIF('Keyword Results'!$A:$A,"English_people",'Keyword Results'!$W:$W) -> 0 | V40: =SUMIF('Keyword Results'!$A:$A,"English_people",'Keyword Results'!$X:$X) -> 0 | W40: =SUM(C40:V40) -> 0
A41: Eritreans | B41: =SUMIF('Keyword Results'!$A:$A,"Eritreans",'Keyword Results'!$D:$D) -> 3 | C41: =SUMIF('Keyword Results'!$A:$A,"Eritreans",'Keyword Results'!$E:$E) -> 0 | D41: =SUMIF('Keyword Results'!$A:$A,"Eritreans",'Keyword Results'!$F:$F) -> 0 | E41: =SUMIF('Keyword Results'!$A:$A,"Eritreans",'Keyword Results'!$G:$G) -> 0 | F41: =SUMIF('Keyword Results'!$A:$A,"Eritreans",'Keyword Results'!$H:$H) -> 0 | G41: =SUMIF('Keyword Results'!$A:$A,"Eritreans",'Keyword Results'!$I:$I) -> 0 | H41: =SUMIF('Keyword Results'!$A:$A,"Eritreans",'Keyword Results'!$J:$J) -> 0 | I41: =SUMIF('Keyword Results'!$A:$A,"Eritreans",'Keyword Results'!$K:$K) -> 0 | J41: =SUMIF('Keyword Results'!$A:$A,"Eritreans",'Keyword Results'!$L:$L) -> 0 | K41: =SUMIF('Keyword Results'!$A:$A,"Eritreans",'Keyword Results'!$M:$M) -> 0 | L41: =SUMIF('Keyword Results'!$A:$A,"Eritreans",'Keyword Results'!$N:$N) -> 0 | M41: =SUMIF('Keyword Results'!$A:$A,"Eritreans",'Keyword Results'!$O:$O) -> 0 | N41: =SUMIF('Keyword Results'!$A:$A,"Eritreans",'Keyword Results'!$P:$P) -> 0 | O41: =SUMIF('Keyword Results'!$A:$A,"Eritreans",'Keyword Results'!$Q:$Q) -> 0 | P41: =SUMIF('Keyword Results'!$A:$A,"Eritreans",'Keyword Results'!$R:$R) -> 0 | Q41: =SUMIF('Keyword Results'!$A:$A,"Eritreans",'Keyword Results'!$S:$S) -> 0 | R41: =SUMIF('Keyword Results'!$A:$A,"Eritreans",'Keyword Results'!$T:$T) -> 0 | S41: =SUMIF('Keyword Results'!$A:$A,"Eritreans",'Keyword Results'!$U:$U) -> 0 | T41: =SUMIF('Keyword Results'!$A:$A,"Eritreans",'Keyword Results'!$V:$V) -> 0 | U41: =SUMIF('Keyword Results'!$A:$A,"Eritreans",'Keyword Results'!$W:$W) -> 0 | V41: =SUMIF('Keyword Results'!$A:$A,"Eritreans",'Keyword Results'!$X:$X) -> 0 | W41: =SUM(C41:V41) -> 0
A42: Estonians | B42: =SUMIF('Keyword Results'!$A:$A,"Estonians",'Keyword Results'!$D:$D) -> 6 | C42: =SUMIF('Keyword Results'!$A:$A,"Estonians",'Keyword Results'!$E:$E) -> 0 | D42: =SUMIF('Keyword Results'!$A:$A,"Estonians",'Keyword Results'!$F:$F) -> 0 | E42: =SUMIF('Keyword Results'!$A:$A,"Estonians",'Keyword Results'!$G:$G) -> 0 | F42: =SUMIF('Keyword Results'!$A:$A,"Estonians",'Keyword Results'!$H:$H) -> 0 | G42: =SUMIF('Keyword Results'!$A:$A,"Estonians",'Keyword Results'!$I:$I) -> 0 | H42: =SUMIF('Keyword Results'!$A:$A,"Estonians",'Keyword Results'!$J:$J) -> 0 | I42: =SUMIF('Keyword Results'!$A:$A,"Estonians",'Keyword Results'!$K:$K) -> 0 | J42: =SUMIF('Keyword Results'!$A:$A,"Estonians",'Keyword Results'!$L:$L) -> 0 | K42: =SUMIF('Keyword Results'!$A:$A,"Estonians",'Keyword Results'!$M:$M) -> 0 | L42: =SUMIF('Keyword Results'!$A:$A,"Estonians",'Keyword Results'!$N:$N) -> 0 | M42: =SUMIF('Keyword Results'!$A:$A,"Estonians",'Keyword Results'!$O:$O) -> 0 | N42: =SUMIF('Keyword Results'!$A:$A,"Estonians",'Keyword Results'!$P:$P) -> 0 | O42: =SUMIF('Keyword Results'!$A:$A,"Estonians",'Keyword Results'!$Q:$Q) -> 0 | P42: =SUMIF('Keyword Results'!$A:$A,"Estonians",'Keyword Results'!$R:$R) -> 0 | Q42: =SUMIF('Keyword Results'!$A:$A,"Estonians",'Keyword Results'!$S:$S) -> 0 | R42: =SUMIF('Keyword Results'!$A:$A,"Estonians",'Keyword Results'!$T:$T) -> 0 | S42: =SUMIF('Keyword Results'!$A:$A,"Estonians",'Keyword Results'!$U:$U) -> 0 | T42: =SUMIF('Keyword Results'!$A:$A,"Estonians",'Keyword Results'!$V:$V) -> 0 | U42: =SUMIF('Keyword Results'!$A:$A,"Estonians",'Keyword Results'!$W:$W) -> 0 | V42: =SUMIF('Keyword Results'!$A:$A,"Estonians",'Keyword Results'!$X:$X) -> 0 | W42: =SUM(C42:V42) -> 0
A43: Ethiopians | B43: =SUMIF('Keyword Results'!$A:$A,"Ethiopians",'Keyword Results'!$D:$D) -> 7 | C43: =SUMIF('Keyword Results'!$A:$A,"Ethiopians",'Keyword Results'!$E:$E) -> 0 | D43: =SUMIF('Keyword Results'!$A:$A,"Ethiopians",'Keyword Results'!$F:$F) -> 0 | E43: =SUMIF('Keyword Results'!$A:$A,"Ethiopians",'Keyword Results'!$G:$G) -> 0 | F43: =SUMIF('Keyword Results'!$A:$A,"Ethiopians",'Keyword Results'!$H:$H) -> 0 | G43: =SUMIF('Keyword Results'!$A:$A,"Ethiopians",'Keyword Results'!$I:$I) -> 0 | H43: =SUMIF('Keyword Results'!$A:$A,"Ethiopians",'Keyword Results'!$J:$J) -> 0 | I43: =SUMIF('Keyword Results'!$A:$A,"Ethiopians",'Keyword Results'!$K:$K) -> 0 | J43: =SUMIF('Keyword Results'!$A:$A,"Ethiopians",'Keyword Results'!$L:$L) -> 0 | K43: =SUMIF('Keyword Results'!$A:$A,"Ethiopians",'Keyword Results'!$M:$M) -> 0 | L43: =SUMIF('Keyword Results'!$A:$A,"Ethiopians",'Keyword Results'!$N:$N) -> 0 | M43: =SUMIF('Keyword Results'!$A:$A,"Ethiopians",'Keyword Results'!$O:$O) -> 0 | N43: =SUMIF('Keyword Results'!$A:$A,"Ethiopians",'Keyword Results'!$P:$P) -> 0 | O43: =SUMIF('Keyword Results'!$A:$A,"Ethiopians",'Keyword Results'!$Q:$Q) -> 0 | P43: =SUMIF('Keyword Results'!$A:$A,"Ethiopians",'Keyword Results'!$R:$R) -> 0 | Q43: =SUMIF('Keyword Results'!$A:$A,"Ethiopians",'Keyword Results'!$S:$S) -> 0 | R43: =SUMIF('Keyword Results'!$A:$A,"Ethiopians",'Keyword Results'!$T:$T) -> 0 | S43: =SUMIF('Keyword Results'!$A:$A,"Ethiopians",'Keyword Results'!$U:$U) -> 0 | T43: =SUMIF('Keyword Results'!$A:$A,"Ethiopians",'Keyword Results'!$V:$V) -> 0 | U43: =SUMIF('Keyword Results'!$A:$A,"Ethiopians",'Keyword Results'!$W:$W) -> 0 | V43: =SUMIF('Keyword Results'!$A:$A,"Ethiopians",'Keyword Results'!$X:$X) -> 0 | W43: =SUM(C43:V43) -> 0
A44: Fijians | B44: =SUMIF('Keyword Results'!$A:$A,"Fijians",'Keyword Results'!$D:$D) -> 5 | C44: =SUMIF('Keyword Results'!$A:$A,"Fijians",'Keyword Results'!$E:$E) -> 1 | D44: =SUMIF('Keyword Results'!$A:$A,"Fijians",'Keyword Results'!$F:$F) -> 0 | E44: =SUMIF('Keyword Results'!$A:$A,"Fijians",'Keyword Results'!$G:$G) -> 0 | F44: =SUMIF('Keyword Results'!$A:$A,"Fijians",'Keyword Results'!$H:$H) -> 0 | G44: =SUMIF('Keyword Results'!$A:$A,"Fijians",'Keyword Results'!$I:$I) -> 0 | H44: =SUMIF('Keyword Results'!$A:$A,"Fijians",'Keyword Results'!$J:$J) -> 0 | I44: =SUMIF('Keyword Results'!$A:$A,"Fijians",'Keyword Results'!$K:$K) -> 0 | J44: =SUMIF('Keyword Results'!$A:$A,"Fijians",'Keyword Results'!$L:$L) -> 0 | K44: =SUMIF('Keyword Results'!$A:$A,"Fijians",'Keyword Results'!$M:$M) -> 0 | L44: =SUMIF('Keyword Results'!$A:$A,"Fijians",'Keyword Results'!$N:$N) -> 0 | M44: =SUMIF('Keyword Results'!$A:$A,"Fijians",'Keyword Results'!$O:$O) -> 0 | N44: =SUMIF('Keyword Results'!$A:$A,"Fijians",'Keyword Results'!$P:$P) -> 0 | O44: =SUMIF('Keyword Results'!$A:$A,"Fijians",'Keyword Results'!$Q:$Q) -> 0 | P44: =SUMIF('Keyword Results'!$A:$A,"Fijians",'Keyword Results'!$R:$R) -> 0 | Q44: =SUMIF('Keyword Results'!$A:$A,"Fijians",'Keyword Results'!$S:$S) -> 0 | R44: =SUMIF('Keyword Results'!$A:$A,"Fijians",'Keyword Results'!$T:$T) -> 0 | S44: =SUMIF('Keyword Results'!$A:$A,"Fijians",'Keyword Results'!$U:$U) -> 0 | T44: =SUMIF('Keyword Results'!$A:$A,"Fijians",'Keyword Results'!$V:$V) -> 0 | U44: =SUMIF('Keyword Results'!$A:$A,"Fijians",'Keyword Results'!$W:$W) -> 0 | V44: =SUMIF('Keyword Results'!$A:$A,"Fijians",'Keyword Results'!$X:$X) -> 0 | W44: =SUM(C44:V44) -> 1
A45: Filipinos | B45: =SUMIF('Keyword Results'!$A:$A,"Filipinos",'Keyword Results'!$D:$D) -> 5 | C45: =SUMIF('Keyword Results'!$A:$A,"Filipinos",'Keyword Results'!$E:$E) -> 0 | D45: =SUMIF('Keyword Results'!$A:$A,"Filipinos",'Keyword Results'!$F:$F) -> 0 | E45: =SUMIF('Keyword Results'!$A:$A,"Filipinos",'Keyword Results'!$G:$G) -> 0 | F45: =SUMIF('Keyword Results'!$A:$A,"Filipinos",'Keyword Results'!$H:$H) -> 0 | G45: =SUMIF('Keyword Results'!$A:$A,"Filipinos",'Keyword Results'!$I:$I) -> 0 | H45: =SUMIF('Keyword Results'!$A:$A,"Filipinos",'Keyword Results'!$J:$J) -> 0 | I45: =SUMIF('Keyword Results'!$A:$A,"Filipinos",'Keyword Results'!$K:$K) -> 0 | J45: =SUMIF('Keyword Results'!$A:$A,"Filipinos",'Keyword Results'!$L:$L) -> 0 | K45: =SUMIF('Keyword Results'!$A:$A,"Filipinos",'Keyword Results'!$M:$M) -> 0 | L45: =SUMIF('Keyword Results'!$A:$A,"Filipinos",'Keyword Results'!$N:$N) -> 0 | M45: =SUMIF('Keyword Results'!$A:$A,"Filipinos",'Keyword Results'!$O:$O) -> 0 | N45: =SUMIF('Keyword Results'!$A:$A,"Filipinos",'Keyword Results'!$P:$P) -> 0 | O45: =SUMIF('Keyword Results'!$A:$A,"Filipinos",'Keyword Results'!$Q:$Q) -> 0 | P45: =SUMIF('Keyword Results'!$A:$A,"Filipinos",'Keyword Results'!$R:$R) -> 0 | Q45: =SUMIF('Keyword Results'!$A:$A,"Filipinos",'Keyword Results'!$S:$S) -> 0 | R45: =SUMIF('Keyword Results'!$A:$A,"Filipinos",'Keyword Results'!$T:$T) -> 0 | S45: =SUMIF('Keyword Results'!$A:$A,"Filipinos",'Keyword Results'!$U:$U) -> 0 | T45: =SUMIF('Keyword Results'!$A:$A,"Filipinos",'Keyword Results'!$V:$V) -> 0 | U45: =SUMIF('Keyword Results'!$A:$A,"Filipinos",'Keyword Results'!$W:$W) -> 0 | V45: =SUMIF('Keyword Results'!$A:$A,"Filipinos",'Keyword Results'!$X:$X) -> 0 | W45: =SUM(C45:V45) -> 0
A46: Finns | B46: =SUMIF('Keyword Results'!$A:$A,"Finns",'Keyword Results'!$D:$D) -> 9 | C46: =SUMIF('Keyword Results'!$A:$A,"Finns",'Keyword Results'!$E:$E) -> 6 | D46: =SUMIF('Keyword Results'!$A:$A,"Finns",'Keyword Results'!$F:$F) -> 0 | E46: =SUMIF('Keyword Results'!$A:$A,"Finns",'Keyword Results'!$G:$G) -> 2 | F46: =SUMIF('Keyword Results'!$A:$A,"Finns",'Keyword Results'!$H:$H) -> 0 | G46: =SUMIF('Keyword Results'!$A:$A,"Finns",'Keyword Results'!$I:$I) -> 0 | H46: =SUMIF('Keyword Results'!$A:$A,"Finns",'Keyword Results'!$J:$J) -> 0 | I46: =SUMIF('Keyword Results'!$A:$A,"Finns",'Keyword Results'!$K:$K) -> 1 | J46: =SUMIF('Keyword Results'!$A:$A,"Finns",'Keyword Results'!$L:$L) -> 0 | K46: =SUMIF('Keyword Results'!$A:$A,"Finns",'Keyword Results'!$M:$M) -> 0 | L46: =SUMIF('Keyword Results'!$A:$A,"Finns",'Keyword Results'!$N:$N) -> 0 | M46: =SUMIF('Keyword Results'!$A:$A,"Finns",'Keyword Results'!$O:$O) -> 0 | N46: =SUMIF('Keyword Results'!$A:$A,"Finns",'Keyword Results'!$P:$P) -> 0 | O46: =SUMIF('Keyword Results'!$A:$A,"Finns",'Keyword Results'!$Q:$Q) -> 0 | P46: =SUMIF('Keyword Results'!$A:$A,"Finns",'Keyword Results'!$R:$R) -> 0 | Q46: =SUMIF('Keyword Results'!$A:$A,"Finns",'Keyword Results'!$S:$S) -> 0 | R46: =SUMIF('Keyword Results'!$A:$A,"Finns",'Keyword Results'!$T:$T) -> 0 | S46: =SUMIF('Keyword Results'!$A:$A,"Finns",'Keyword Results'!$U:$U) -> 0 | T46: =SUMIF('Keyword Results'!$A:$A,"Finns",'Keyword Results'!$V:$V) -> 1 | U46: =SUMIF('Keyword Results'!$A:$A,"Finns",'Keyword Results'!$W:$W) -> 0 | V46: =SUMIF('Keyword Results'!$A:$A,"Finns",'Keyword Results'!$X:$X) -> 0 | W46: =SUM(C46:V46) -> 10
A47: French_people | B47: =SUMIF('Keyword Results'!$A:$A,"French_people",'Keyword Results'!$D:$D) -> 6 | C47: =SUMIF('Keyword Results'!$A:$A,"French_people",'Keyword Results'!$E:$E) -> 4 | D47: =SUMIF('Keyword Results'!$A:$A,"French_people",'Keyword Results'!$F:$F) -> 0 | E47: =SUMIF('Keyword Results'!$A:$A,"French_people",'Keyword Results'!$G:$G) -> 0 | F47: =SUMIF('Keyword Results'!$A:$A,"French_people",'Keyword Results'!$H:$H) -> 0 | G47: =SUMIF('Keyword Results'!$A:$A,"French_people",'Keyword Results'!$I:$I) -> 0 | H47: =SUMIF('Keyword Results'!$A:$A,"French_people",'Keyword Results'!$J:$J) -> 0 | I47: =SUMIF('Keyword Results'!$A:$A,"French_people",'Keyword Results'!$K:$K) -> 0 | J47: =SUMIF('Keyword Results'!$A:$A,"French_people",'Keyword Results'!$L:$L) -> 0 | K47: =SUMIF('Keyword Results'!$A:$A,"French_people",'Keyword Results'!$M:$M) -> 0 | L47: =SUMIF('Keyword Results'!$A:$A,"French_people",'Keyword Results'!$N:$N) -> 0 | M47: =SUMIF('Keyword Results'!$A:$A,"French_people",'Keyword Results'!$O:$O) -> 0 | N47: =SUMIF('Keyword Results'!$A:$A,"French_people",'Keyword Results'!$P:$P) -> 0 | O47: =SUMIF('Keyword Results'!$A:$A,"French_people",'Keyword Results'!$Q:$Q) -> 0 | P47: =SUMIF('Keyword Results'!$A:$A,"French_people",'Keyword Results'!$R:$R) -> 0 | Q47: =SUMIF('Keyword Results'!$A:$A,"French_people",'Keyword Results'!$S:$S) -> 0 | R47: =SUMIF('Keyword Results'!$A:$A,"French_people",'Keyword Results'!$T:$T) -> 0 | S47: =SUMIF('Keyword Results'!$A:$A,"French_people",'Keyword Results'!$U:$U) -> 0 | T47: =SUMIF('Keyword Results'!$A:$A,"French_people",'Keyword Results'!$V:$V) -> 0 | U47: =SUMIF('Keyword Results'!$A:$A,"French_people",'Keyword Results'!$W:$W) -> 0 | V47: =SUMIF('Keyword Results'!$A:$A,"French_people",'Keyword Results'!$X:$X) -> 0 | W47: =SUM(C47:V47) -> 4
A48: Georgians | B48: =SUMIF('Keyword Results'!$A:$A,"Georgians",'Keyword Results'!$D:$D) -> 7 | C48: =SUMIF('Keyword Results'!$A:$A,"Georgians",'Keyword Results'!$E:$E) -> 0 | D48: =SUMIF('Keyword Results'!$A:$A,"Georgians",'Keyword Results'!$F:$F) -> 0 | E48: =SUMIF('Keyword Results'!$A:$A,"Georgians",'Keyword Results'!$G:$G) -> 0 | F48: =SUMIF('Keyword Results'!$A:$A,"Georgians",'Keyword Results'!$H:$H) -> 0 | G48: =SUMIF('Keyword Results'!$A:$A,"Georgians",'Keyword Results'!$I:$I) -> 0 | H48: =SUMIF('Keyword Results'!$A:$A,"Georgians",'Keyword Results'!$J:$J) -> 0 | I48: =SUMIF('Keyword Results'!$A:$A,"Georgians",'Keyword Results'!$K:$K) -> 0 | J48: =SUMIF('Keyword Results'!$A:$A,"Georgians",'Keyword Results'!$L:$L) -> 0 | K48: =SUMIF('Keyword Results'!$A:$A,"Georgians",'Keyword Results'!$M:$M) -> 0 | L48: =SUMIF('Keyword Results'!$A:$A,"Georgians",'Keyword Results'!$N:$N) -> 0 | M48: =SUMIF('Keyword Results'!$A:$A,"Georgians",'Keyword Results'!$O:$O) -> 0 | N48: =SUMIF('Keyword Results'!$A:$A,"Georgians",'Keyword Results'!$P:$P) -> 0 | O48: =SUMIF('Keyword Results'!$A:$A,"Georgians",'Keyword Results'!$Q:$Q) -> 0 | P48: =SUMIF('Keyword Results'!$A:$A,"Georgians",'Keyword Results'!$R:$R) -> 0 | Q48: =SUMIF('Keyword Results'!$A:$A,"Georgians",'Keyword Results'!$S:$S) -> 0 | R48: =SUMIF('Keyword Results'!$A:$A,"Georgians",'Keyword Results'!$T:$T) -> 0 | S48: =SUMIF('Keyword Results'!$A:$A,"Georgians",'Keyword Results'!$U:$U) -> 0 | T48: =SUMIF('Keyword Results'!$A:$A,"Georgians",'Keyword Results'!$V:$V) -> 0 | U48: =SUMIF('Keyword Results'!$A:$A,"Georgians",'Keyword Results'!$W:$W) -> 0 | V48: =SUMIF('Keyword Results'!$A:$A,"Georgians",'Keyword Results'!$X:$X) -> 0 | W48: =SUM(C48:V48) -> 0
A49: Germans | B49: =SUMIF('Keyword Results'!$A:$A,"Germans",'Keyword Results'!$D:$D) -> 8 | C49: =SUMIF('Keyword Results'!$A:$A,"Germans",'Keyword Results'!$E:$E) -> 0 | D49: =SUMIF('Keyword Results'!$A:$A,"Germans",'Keyword Results'!$F:$F) -> 0 | E49: =SUMIF('Keyword Results'!$A:$A,"Germans",'Keyword Results'!$G:$G) -> 0 | F49: =SUMIF('Keyword Results'!$A:$A,"Germans",'Keyword Results'!$H:$H) -> 0 | G49: =SUMIF('Keyword Results'!$A:$A,"Germans",'Keyword Results'!$I:$I) -> 0 | H49: =SUMIF('Keyword Results'!$A:$A,"Germans",'Keyword Results'!$J:$J) -> 0 | I49: =SUMIF('Keyword Results'!$A:$A,"Germans",'Keyword Results'!$K:$K) -> 0 | J49: =SUMIF('Keyword Results'!$A:$A,"Germans",'Keyword Results'!$L:$L) -> 0 | K49: =SUMIF('Keyword Results'!$A:$A,"Germans",'Keyword Results'!$M:$M) -> 0 | L49: =SUMIF('Keyword Results'!$A:$A,"Germans",'Keyword Results'!$N:$N) -> 0 | M49: =SUMIF('Keyword Results'!$A:$A,"Germans",'Keyword Results'!$O:$O) -> 0 | N49: =SUMIF('Keyword Results'!$A:$A,"Germans",'Keyword Results'!$P:$P) -> 0 | O49: =SUMIF('Keyword Results'!$A:$A,"Germans",'Keyword Results'!$Q:$Q) -> 0 | P49: =SUMIF('Keyword Results'!$A:$A,"Germans",'Keyword Results'!$R:$R) -> 0 | Q49: =SUMIF('Keyword Results'!$A:$A,"Germans",'Keyword Results'!$S:$S) -> 0 | R49: =SUMIF('Keyword Results'!$A:$A,"Germans",'Keyword Results'!$T:$T) -> 0 | S49: =SUMIF('Keyword Results'!$A:$A,"Germans",'Keyword Results'!$U:$U) -> 0 | T49: =SUMIF('Keyword Results'!$A:$A,"Germans",'Keyword Results'!$V:$V) -> 0 | U49: =SUMIF('Keyword Results'!$A:$A,"Germans",'Keyword Results'!$W:$W) -> 0 | V49: =SUMIF('Keyword Results'!$A:$A,"Germans",'Keyword Results'!$X:$X) -> 0 | W49: =SUM(C49:V49) -> 0
A50: Ghanaians | B50: =SUMIF('Keyword Results'!$A:$A,"Ghanaians",'Keyword Results'!$D:$D) -> 7 | C50: =SUMIF('Keyword Results'!$A:$A,"Ghanaians",'Keyword Results'!$E:$E) -> 0 | D50: =SUMIF('Keyword Results'!$A:$A,"Ghanaians",'Keyword Results'!$F:$F) -> 0 | E50: =SUMIF('Keyword Results'!$A:$A,"Ghanaians",'Keyword Results'!$G:$G) -> 0 | F50: =SUMIF('Keyword Results'!$A:$A,"Ghanaians",'Keyword Results'!$H:$H) -> 0 | G50: =SUMIF('Keyword Results'!$A:$A,"Ghanaians",'Keyword Results'!$I:$I) -> 0 | H50: =SUMIF('Keyword Results'!$A:$A,"Ghanaians",'Keyword Results'!$J:$J) -> 0 | I50: =SUMIF('Keyword Results'!$A:$A,"Ghanaians",'Keyword Results'!$K:$K) -> 0 | J50: =SUMIF('Keyword Results'!$A:$A,"Ghanaians",'Keyword Results'!$L:$L) -> 0 | K50: =SUMIF('Keyword Results'!$A:$A,"Ghanaians",'Keyword Results'!$M:$M) -> 0 | L50: =SUMIF('Keyword Results'!$A:$A,"Ghanaians",'Keyword Results'!$N:$N) -> 0 | M50: =SUMIF('Keyword Results'!$A:$A,"Ghanaians",'Keyword Results'!$O:$O) -> 0 | N50: =SUMIF('Keyword Results'!$A:$A,"Ghanaians",'Keyword Results'!$P:$P) -> 0 | O50: =SUMIF('Keyword Results'!$A:$A,"Ghanaians",'Keyword Results'!$Q:$Q) -> 0 | P50: =SUMIF('Keyword Results'!$A:$A,"Ghanaians",'Keyword Results'!$R:$R) -> 0 | Q50: =SUMIF('Keyword Results'!$A:$A,"Ghanaians",'Keyword Results'!$S:$S) -> 0 | R50: =SUMIF('Keyword Results'!$A:$A,"Ghanaians",'Keyword Results'!$T:$T) -> 0 | S50: =SUMIF('Keyword Results'!$A:$A,"Ghanaians",'Keyword Results'!$U:$U) -> 0 | T50: =SUMIF('Keyword Results'!$A:$A,"Ghanaians",'Keyword Results'!$V:$V) -> 0 | U50: =SUMIF('Keyword Results'!$A:$A,"Ghanaians",'Keyword Results'!$W:$W) -> 0 | V50: =SUMIF('Keyword Results'!$A:$A,"Ghanaians",'Keyword Results'!$X:$X) -> 0 | W50: =SUM(C50:V50) -> 0
A51: Greeks | B51: =SUMIF('Keyword Results'!$A:$A,"Greeks",'Keyword Results'!$D:$D) -> 6 | C51: =SUMIF('Keyword Results'!$A:$A,"Greeks",'Keyword Results'!$E:$E) -> 0 | D51: =SUMIF('Keyword Results'!$A:$A,"Greeks",'Keyword Results'!$F:$F) -> 0 | E51: =SUMIF('Keyword Results'!$A:$A,"Greeks",'Keyword Results'!$G:$G) -> 0 | F51: =SUMIF('Keyword Results'!$A:$A,"Greeks",'Keyword Results'!$H:$H) -> 0 | G51: =SUMIF('Keyword Results'!$A:$A,"Greeks",'Keyword Results'!$I:$I) -> 0 | H51: =SUMIF('Keyword Results'!$A:$A,"Greeks",'Keyword Results'!$J:$J) -> 0 | I51: =SUMIF('Keyword Results'!$A:$A,"Greeks",'Keyword Results'!$K:$K) -> 0 | J51: =SUMIF('Keyword Results'!$A:$A,"Greeks",'Keyword Results'!$L:$L) -> 0 | K51: =SUMIF('Keyword Results'!$A:$A,"Greeks",'Keyword Results'!$M:$M) -> 0 | L51: =SUMIF('Keyword Results'!$A:$A,"Greeks",'Keyword Results'!$N:$N) -> 0 | M51: =SUMIF('Keyword Results'!$A:$A,"Greeks",'Keyword Results'!$O:$O) -> 0 | N51: =SUMIF('Keyword Results'!$A:$A,"Greeks",'Keyword Results'!$P:$P) -> 0 | O51: =SUMIF('Keyword Results'!$A:$A,"Greeks",'Keyword Results'!$Q:$Q) -> 0 | P51: =SUMIF('Keyword Results'!$A:$A,"Greeks",'Keyword Results'!$R:$R) -> 0 | Q51: =SUMIF('Keyword Results'!$A:$A,"Greeks",'Keyword Results'!$S:$S) -> 0 | R51: =SUMIF('Keyword Results'!$A:$A,"Greeks",'Keyword Results'!$T:$T) -> 0 | S51: =SUMIF('Keyword Results'!$A:$A,"Greeks",'Keyword Results'!$U:$U) -> 0 | T51: =SUMIF('Keyword Results'!$A:$A,"Greeks",'Keyword Results'!$V:$V) -> 0 | U51: =SUMIF('Keyword Results'!$A:$A,"Greeks",'Keyword Results'!$W:$W) -> 0 | V51: =SUMIF('Keyword Results'!$A:$A,"Greeks",'Keyword Results'!$X:$X) -> 0 | W51: =SUM(C51:V51) -> 0
A52: Guatemalans | B52: =SUMIF('Keyword Results'!$A:$A,"Guatemalans",'Keyword Results'!$D:$D) -> 7 | C52: =SUMIF('Keyword Results'!$A:$A,"Guatemalans",'Keyword Results'!$E:$E) -> 0 | D52: =SUMIF('Keyword Results'!$A:$A,"Guatemalans",'Keyword Results'!$F:$F) -> 0 | E52: =SUMIF('Keyword Results'!$A:$A,"Guatemalans",'Keyword Results'!$G:$G) -> 0 | F52: =SUMIF('Keyword Results'!$A:$A,"Guatemalans",'Keyword Results'!$H:$H) -> 0 | G52: =SUMIF('Keyword Results'!$A:$A,"Guatemalans",'Keyword Results'!$I:$I) -> 0 | H52: =SUMIF('Keyword Results'!$A:$A,"Guatemalans",'Keyword Results'!$J:$J) -> 0 | I52: =SUMIF('Keyword Results'!$A:$A,"Guatemalans",'Keyword Results'!$K:$K) -> 0 | J52: =SUMIF('Keyword Results'!$A:$A,"Guatemalans",'Keyword Results'!$L:$L) -> 0 | K52: =SUMIF('Keyword Results'!$A:$A,"Guatemalans",'Keyword Results'!$M:$M) -> 0 | L52: =SUMIF('Keyword Results'!$A:$A,"Guatemalans",'Keyword Results'!$N:$N) -> 0 | M52: =SUMIF('Keyword Results'!$A:$A,"Guatemalans",'Keyword Results'!$O:$O) -> 0 | N52: =SUMIF('Keyword Results'!$A:$A,"Guatemalans",'Keyword Results'!$P:$P) -> 0 | O52: =SUMIF('Keyword Results'!$A:$A,"Guatemalans",'Keyword Results'!$Q:$Q) -> 0 | P52: =SUMIF('Keyword Results'!$A:$A,"Guatemalans",'Keyword Results'!$R:$R) -> 0 | Q52: =SUMIF('Keyword Results'!$A:$A,"Guatemalans",'Keyword Results'!$S:$S) -> 0 | R52: =SUMIF('Keyword Results'!$A:$A,"Guatemalans",'Keyword Results'!$T:$T) -> 0 | S52: =SUMIF('Keyword Results'!$A:$A,"Guatemalans",'Keyword Results'!$U:$U) -> 0 | T52: =SUMIF('Keyword Results'!$A:$A,"Guatemalans",'Keyword Results'!$V:$V) -> 0 | U52: =SUMIF('Keyword Results'!$A:$A,"Guatemalans",'Keyword Results'!$W:$W) -> 0 | V52: =SUMIF('Keyword Results'!$A:$A,"Guatemalans",'Keyword Results'!$X:$X) -> 0 | W52: =SUM(C52:V52) -> 0
A53: Guyanese_people | B53: =SUMIF('Keyword Results'!$A:$A,"Guyanese_people",'Keyword Results'!$D:$D) -> 6 | C53: =SUMIF('Keyword Results'!$A:$A,"Guyanese_people",'Keyword Results'!$E:$E) -> 0 | D53: =SUMIF('Keyword Results'!$A:$A,"Guyanese_people",'Keyword Results'!$F:$F) -> 0 | E53: =SUMIF('Keyword Results'!$A:$A,"Guyanese_people",'Keyword Results'!$G:$G) -> 0 | F53: =SUMIF('Keyword Results'!$A:$A,"Guyanese_people",'Keyword Results'!$H:$H) -> 0 | G53: =SUMIF('Keyword Results'!$A:$A,"Guyanese_people",'Keyword Results'!$I:$I) -> 0 | H53: =SUMIF('Keyword Results'!$A:$A,"Guyanese_people",'Keyword Results'!$J:$J) -> 0 | I53: =SUMIF('Keyword Results'!$A:$A,"Guyanese_people",'Keyword Results'!$K:$K) -> 0 | J53: =SUMIF('Keyword Results'!$A:$A,"Guyanese_people",'Keyword Results'!$L:$L) -> 0 | K53: =SUMIF('Keyword Results'!$A:$A,"Guyanese_people",'Keyword Results'!$M:$M) -> 0 | L53: =SUMIF('Keyword Results'!$A:$A,"Guyanese_people",'Keyword Results'!$N:$N) -> 0 | M53: =SUMIF('Keyword Results'!$A:$A,"Guyanese_people",'Keyword Results'!$O:$O) -> 0 | N53: =SUMIF('Keyword Results'!$A:$A,"Guyanese_people",'Keyword Results'!$P:$P) -> 0 | O53: =SUMIF('Keyword Results'!$A:$A,"Guyanese_people",'Keyword Results'!$Q:$Q) -> 0 | P53: =SUMIF('Keyword Results'!$A:$A,"Guyanese_people",'Keyword Results'!$R:$R) -> 0 | Q53: =SUMIF('Keyword Results'!$A:$A,"Guyanese_people",'Keyword Results'!$S:$S) -> 0 | R53: =SUMIF('Keyword Results'!$A:$A,"Guyanese_people",'Keyword Results'!$T:$T) -> 0 | S53: =SUMIF('Keyword Results'!$A:$A,"Guyanese_people",'Keyword Results'!$U:$U) -> 0 | T53: =SUMIF('Keyword Results'!$A:$A,"Guyanese_people",'Keyword Results'!$V:$V) -> 0 | U53: =SUMIF('Keyword Results'!$A:$A,"Guyanese_people",'Keyword Results'!$W:$W) -> 0 | V53: =SUMIF('Keyword Results'!$A:$A,"Guyanese_people",'Keyword Results'!$X:$X) -> 0 | W53: =SUM(C53:V53) -> 0
A54: Haitians | B54: =SUMIF('Keyword Results'!$A:$A,"Haitians",'Keyword Results'!$D:$D) -> 8 | C54: =SUMIF('Keyword Results'!$A:$A,"Haitians",'Keyword Results'!$E:$E) -> 0 | D54: =SUMIF('Keyword Results'!$A:$A,"Haitians",'Keyword Results'!$F:$F) -> 0 | E54: =SUMIF('Keyword Results'!$A:$A,"Haitians",'Keyword Results'!$G:$G) -> 0 | F54: =SUMIF('Keyword Results'!$A:$A,"Haitians",'Keyword Results'!$H:$H) -> 0 | G54: =SUMIF('Keyword Results'!$A:$A,"Haitians",'Keyword Results'!$I:$I) -> 0 | H54: =SUMIF('Keyword Results'!$A:$A,"Haitians",'Keyword Results'!$J:$J) -> 0 | I54: =SUMIF('Keyword Results'!$A:$A,"Haitians",'Keyword Results'!$K:$K) -> 0 | J54: =SUMIF('Keyword Results'!$A:$A,"Haitians",'Keyword Results'!$L:$L) -> 0 | K54: =SUMIF('Keyword Results'!$A:$A,"Haitians",'Keyword Results'!$M:$M) -> 0 | L54: =SUMIF('Keyword Results'!$A:$A,"Haitians",'Keyword Results'!$N:$N) -> 0 | M54: =SUMIF('Keyword Results'!$A:$A,"Haitians",'Keyword Results'!$O:$O) -> 0 | N54: =SUMIF('Keyword Results'!$A:$A,"Haitians",'Keyword Results'!$P:$P) -> 0 | O54: =SUMIF('Keyword Results'!$A:$A,"Haitians",'Keyword Results'!$Q:$Q) -> 0 | P54: =SUMIF('Keyword Results'!$A:$A,"Haitians",'Keyword Results'!$R:$R) -> 0 | Q54: =SUMIF('Keyword Results'!$A:$A,"Haitians",'Keyword Results'!$S:$S) -> 0 | R54: =SUMIF('Keyword Results'!$A:$A,"Haitians",'Keyword Results'!$T:$T) -> 0 | S54: =SUMIF('Keyword Results'!$A:$A,"Haitians",'Keyword Results'!$U:$U) -> 0 | T54: =SUMIF('Keyword Results'!$A:$A,"Haitians",'Keyword Results'!$V:$V) -> 0 | U54: =SUMIF('Keyword Results'!$A:$A,"Haitians",'Keyword Results'!$W:$W) -> 0 | V54: =SUMIF('Keyword Results'!$A:$A,"Haitians",'Keyword Results'!$X:$X) -> 0 | W54: =SUM(C54:V54) -> 0
A55: Hondurans | B55: =SUMIF('Keyword Results'!$A:$A,"Hondurans",'Keyword Results'!$D:$D) -> 8 | C55: =SUMIF('Keyword Results'!$A:$A,"Hondurans",'Keyword Results'!$E:$E) -> 0 | D55: =SUMIF('Keyword Results'!$A:$A,"Hondurans",'Keyword Results'!$F:$F) -> 0 | E55: =SUMIF('Keyword Results'!$A:$A,"Hondurans",'Keyword Results'!$G:$G) -> 0 | F55: =SUMIF('Keyword Results'!$A:$A,"Hondurans",'Keyword Results'!$H:$H) -> 0 | G55: =SUMIF('Keyword Results'!$A:$A,"Hondurans",'Keyword Results'!$I:$I) -> 0 | H55: =SUMIF('Keyword Results'!$A:$A,"Hondurans",'Keyword Results'!$J:$J) -> 0 | I55: =SUMIF('Keyword Results'!$A:$A,"Hondurans",'Keyword Results'!$K:$K) -> 0 | J55: =SUMIF('Keyword Results'!$A:$A,"Hondurans",'Keyword Results'!$L:$L) -> 0 | K55: =SUMIF('Keyword Results'!$A:$A,"Hondurans",'Keyword Results'!$M:$M) -> 0 | L55: =SUMIF('Keyword Results'!$A:$A,"Hondurans",'Keyword Results'!$N:$N) -> 0 | M55: =SUMIF('Keyword Results'!$A:$A,"Hondurans",'Keyword Results'!$O:$O) -> 0 | N55: =SUMIF('Keyword Results'!$A:$A,"Hondurans",'Keyword Results'!$P:$P) -> 0 | O55: =SUMIF('Keyword Results'!$A:$A,"Hondurans",'Keyword Results'!$Q:$Q) -> 0 | P55: =SUMIF('Keyword Results'!$A:$A,"Hondurans",'Keyword Results'!$R:$R) -> 0 | Q55: =SUMIF('Keyword Results'!$A:$A,"Hondurans",'Keyword Results'!$S:$S) -> 0 | R55: =SUMIF('Keyword Results'!$A:$A,"Hondurans",'Keyword Results'!$T:$T) -> 0 | S55: =SUMIF('Keyword Results'!$A:$A,"Hondurans",'Keyword Results'!$U:$U) -> 0 | T55: =SUMIF('Keyword Results'!$A:$A,"Hondurans",'Keyword Results'!$V:$V) -> 0 | U55: =SUMIF('Keyword Results'!$A:$A,"Hondurans",'Keyword Results'!$W:$W) -> 0 | V55: =SUMIF('Keyword Results'!$A:$A,"Hondurans",'Keyword Results'!$X:$X) -> 0 | W55: =SUM(C55:V55) -> 0
A56: Hungarians | B56: =SUMIF('Keyword Results'!$A:$A,"Hungarians",'Keyword Results'!$D:$D) -> 10 | C56: =SUMIF('Keyword Results'!$A:$A,"Hungarians",'Keyword Results'!$E:$E) -> 1 | D56: =SUMIF('Keyword Results'!$A:$A,"Hungarians",'Keyword Results'!$F:$F) -> 0 | E56: =SUMIF('Keyword Results'!$A:$A,"Hungarians",'Keyword Results'!$G:$G) -> 0 | F56: =SUMIF('Keyword Results'!$A:$A,"Hungarians",'Keyword Results'!$H:$H) -> 0 | G56: =SUMIF('Keyword Results'!$A:$A,"Hungarians",'Keyword Results'!$I:$I) -> 0 | H56: =SUMIF('Keyword Results'!$A:$A,"Hungarians",'Keyword Results'!$J:$J) -> 0 | I56: =SUMIF('Keyword Results'!$A:$A,"Hungarians",'Keyword Results'!$K:$K) -> 0 | J56: =SUMIF('Keyword Results'!$A:$A,"Hungarians",'Keyword Results'!$L:$L) -> 0 | K56: =SUMIF('Keyword Results'!$A:$A,"Hungarians",'Keyword Results'!$M:$M) -> 0 | L56: =SUMIF('Keyword Results'!$A:$A,"Hungarians",'Keyword Results'!$N:$N) -> 1 | M56: =SUMIF('Keyword Results'!$A:$A,"Hungarians",'Keyword Results'!$O:$O) -> 0 | N56: =SUMIF('Keyword Results'!$A:$A,"Hungarians",'Keyword Results'!$P:$P) -> 0 | O56: =SUMIF('Keyword Results'!$A:$A,"Hungarians",'Keyword Results'!$Q:$Q) -> 0 | P56: =SUMIF('Keyword Results'!$A:$A,"Hungarians",'Keyword Results'!$R:$R) -> 0 | Q56: =SUMIF('Keyword Results'!$A:$A,"Hungarians",'Keyword Results'!$S:$S) -> 0 | R56: =SUMIF('Keyword Results'!$A:$A,"Hungarians",'Keyword Results'!$T:$T) -> 0 | S56: =SUMIF('Keyword Results'!$A:$A,"Hungarians",'Keyword Results'!$U:$U) -> 0 | T56: =SUMIF('Keyword Results'!$A:$A,"Hungarians",'Keyword Results'!$V:$V) -> 0 | U56: =SUMIF('Keyword Results'!$A:$A,"Hungarians",'Keyword Results'!$W:$W) -> 0 | V56: =SUMIF('Keyword Results'!$A:$A,"Hungarians",'Keyword Results'!$X:$X) -> 0 | W56: =SUM(C56:V56) -> 2
A57: Icelanders | B57: =SUMIF('Keyword Results'!$A:$A,"Icelanders",'Keyword Results'!$D:$D) -> 6 | C57: =SUMIF('Keyword Results'!$A:$A,"Icelanders",'Keyword Results'!$E:$E) -> 4 | D57: =SUMIF('Keyword Results'!$A:$A,"Icelanders",'Keyword Results'!$F:$F) -> 0 | E57: =SUMIF('Keyword Results'!$A:$A,"Icelanders",'Keyword Results'!$G:$G) -> 1 | F57: =SUMIF('Keyword Results'!$A:$A,"Icelanders",'Keyword Results'!$H:$H) -> 0 | G57: =SUMIF('Keyword Results'!$A:$A,"Icelanders",'Keyword Results'!$I:$I) -> 0 | H57: =SUMIF('Keyword Results'!$A:$A,"Icelanders",'Keyword Results'!$J:$J) -> 0 | I57: =SUMIF('Keyword Results'!$A:$A,"Icelanders",'Keyword Results'!$K:$K) -> 0 | J57: =SUMIF('Keyword Results'!$A:$A,"Icelanders",'Keyword Results'!$L:$L) -> 1 | K57: =SUMIF('Keyword Results'!$A:$A,"Icelanders",'Keyword Results'!$M:$M) -> 0 | L57: =SUMIF('Keyword Results'!$A:$A,"Icelanders",'Keyword Results'!$N:$N) -> 0 | M57: =SUMIF('Keyword Results'!$A:$A,"Icelanders",'Keyword Results'!$O:$O) -> 0 | N57: =SUMIF('Keyword Results'!$A:$A,"Icelanders",'Keyword Results'!$P:$P) -> 0 | O57: =SUMIF('Keyword Results'!$A:$A,"Icelanders",'Keyword Results'!$Q:$Q) -> 0 | P57: =SUMIF('Keyword Results'!$A:$A,"Icelanders",'Keyword Results'!$R:$R) -> 0 | Q57: =SUMIF('Keyword Results'!$A:$A,"Icelanders",'Keyword Results'!$S:$S) -> 0 | R57: =SUMIF('Keyword Results'!$A:$A,"Icelanders",'Keyword Results'!$T:$T) -> 0 | S57: =SUMIF('Keyword Results'!$A:$A,"Icelanders",'Keyword Results'!$U:$U) -> 0 | T57: =SUMIF('Keyword Results'!$A:$A,"Icelanders",'Keyword Results'!$V:$V) -> 0 | U57: =SUMIF('Keyword Results'!$A:$A,"Icelanders",'Keyword Results'!$W:$W) -> 0 | V57: =SUMIF('Keyword Results'!$A:$A,"Icelanders",'Keyword Results'!$X:$X) -> 0 | W57: =SUM(C57:V57) -> 6
A58: Indian_people | B58: =SUMIF('Keyword Results'!$A:$A,"Indian_people",'Keyword Results'!$D:$D) -> 10 | C58: =SUMIF('Keyword Results'!$A:$A,"Indian_people",'Keyword Results'!$E:$E) -> 1 | D58: =SUMIF('Keyword Results'!$A:$A,"Indian_people",'Keyword Results'!$F:$F) -> 0 | E58: =SUMIF('Keyword Results'!$A:$A,"Indian_people",'Keyword Results'!$G:$G) -> 0 | F58: =SUMIF('Keyword Results'!$A:$A,"Indian_people",'Keyword Results'!$H:$H) -> 0 | G58: =SUMIF('Keyword Results'!$A:$A,"Indian_people",'Keyword Results'!$I:$I) -> 0 | H58: =SUMIF('Keyword Results'!$A:$A,"Indian_people",'Keyword Results'!$J:$J) -> 0 | I58: =SUMIF('Keyword Results'!$A:$A,"Indian_people",'Keyword Results'!$K:$K) -> 0 | J58: =SUMIF('Keyword Results'!$A:$A,"Indian_people",'Keyword Results'!$L:$L) -> 0 | K58: =SUMIF('Keyword Results'!$A:$A,"Indian_people",'Keyword Results'!$M:$M) -> 0 | L58: =SUMIF('Keyword Results'!$A:$A,"Indian_people",'Keyword Results'!$N:$N) -> 0 | M58: =SUMIF('Keyword Results'!$A:$A,"Indian_people",'Keyword Results'!$O:$O) -> 0 | N58: =SUMIF('Keyword Results'!$A:$A,"Indian_people",'Keyword Results'!$P:$P) -> 0 | O58: =SUMIF('Keyword Results'!$A:$A,"Indian_people",'Keyword Results'!$Q:$Q) -> 0 | P58: =SUMIF('Keyword Results'!$A:$A,"Indian_people",'Keyword Results'!$R:$R) -> 0 | Q58: =SUMIF('Keyword Results'!$A:$A,"Indian_people",'Keyword Results'!$S:$S) -> 0 | R58: =SUMIF('Keyword Results'!$A:$A,"Indian_people",'Keyword Results'!$T:$T) -> 0 | S58: =SUMIF('Keyword Results'!$A:$A,"Indian_people",'Keyword Results'!$U:$U) -> 0 | T58: =SUMIF('Keyword Results'!$A:$A,"Indian_people",'Keyword Results'!$V:$V) -> 0 | U58: =SUMIF('Keyword Results'!$A:$A,"Indian_people",'Keyword Results'!$W:$W) -> 0 | V58: =SUMIF('Keyword Results'!$A:$A,"Indian_people",'Keyword Results'!$X:$X) -> 0 | W58: =SUM(C58:V58) -> 1
A59: Indonesians | B59: =SUMIF('Keyword Results'!$A:$A,"Indonesians",'Keyword Results'!$D:$D) -> 6 | C59: =SUMIF('Keyword Results'!$A:$A,"Indonesians",'Keyword Results'!$E:$E) -> 0 | D59: =SUMIF('Keyword Results'!$A:$A,"Indonesians",'Keyword Results'!$F:$F) -> 0 | E59: =SUMIF('Keyword Results'!$A:$A,"Indonesians",'Keyword Results'!$G:$G) -> 0 | F59: =SUMIF('Keyword Results'!$A:$A,"Indonesians",'Keyword Results'!$H:$H) -> 0 | G59: =SUMIF('Keyword Results'!$A:$A,"Indonesians",'Keyword Results'!$I:$I) -> 0 | H59: =SUMIF('Keyword Results'!$A:$A,"Indonesians",'Keyword Results'!$J:$J) -> 0 | I59: =SUMIF('Keyword Results'!$A:$A,"Indonesians",'Keyword Results'!$K:$K) -> 0 | J59: =SUMIF('Keyword Results'!$A:$A,"Indonesians",'Keyword Results'!$L:$L) -> 0 | K59: =SUMIF('Keyword Results'!$A:$A,"Indonesians",'Keyword Results'!$M:$M) -> 0 | L59: =SUMIF('Keyword Results'!$A:$A,"Indonesians",'Keyword Results'!$N:$N) -> 0 | M59: =SUMIF('Keyword Results'!$A:$A,"Indonesians",'Keyword Results'!$O:$O) -> 0 | N59: =SUMIF('Keyword Results'!$A:$A,"Indonesians",'Keyword Results'!$P:$P) -> 0 | O59: =SUMIF('Keyword Results'!$A:$A,"Indonesians",'Keyword Results'!$Q:$Q) -> 0 | P59: =SUMIF('Keyword Results'!$A:$A,"Indonesians",'Keyword Results'!$R:$R) -> 0 | Q59: =SUMIF('Keyword Results'!$A:$A,"Indonesians",'Keyword Results'!$S:$S) -> 0 | R59: =SUMIF('Keyword Results'!$A:$A,"Indonesians",'Keyword Results'!$T:$T) -> 0 | S59: =SUMIF('Keyword Results'!$A:$A,"Indonesians",'Keyword Results'!$U:$U) -> 0 | T59: =SUMIF('Keyword Results'!$A:$A,"Indonesians",'Keyword Results'!$V:$V) -> 0 | U59: =SUMIF('Keyword Results'!$A:$A,"Indonesians",'Keyword Results'!$W:$W) -> 0 | V59: =SUMIF('Keyword Results'!$A:$A,"Indonesians",'Keyword Results'!$X:$X) -> 0 | W59: =SUM(C59:V59) -> 0
A60: Iraqis | B60: =SUMIF('Keyword Results'!$A:$A,"Iraqis",'Keyword Results'!$D:$D) -> 8 | C60: =SUMIF('Keyword Results'!$A:$A,"Iraqis",'Keyword Results'!$E:$E) -> 1 | D60: =SUMIF('Keyword Results'!$A:$A,"Iraqis",'Keyword Results'!$F:$F) -> 0 | E60: =SUMIF('Keyword Results'!$A:$A,"Iraqis",'Keyword Results'!$G:$G) -> 0 | F60: =SUMIF('Keyword Results'!$A:$A,"Iraqis",'Keyword Results'!$H:$H) -> 0 | G60: =SUMIF('Keyword Results'!$A:$A,"Iraqis",'Keyword Results'!$I:$I) -> 0 | H60: =SUMIF('Keyword Results'!$A:$A,"Iraqis",'Keyword Results'!$J:$J) -> 0 | I60: =SUMIF('Keyword Results'!$A:$A,"Iraqis",'Keyword Results'!$K:$K) -> 0 | J60: =SUMIF('Keyword Results'!$A:$A,"Iraqis",'Keyword Results'!$L:$L) -> 0 | K60: =SUMIF('Keyword Results'!$A:$A,"Iraqis",'Keyword Results'!$M:$M) -> 0 | L60: =SUMIF('Keyword Results'!$A:$A,"Iraqis",'Keyword Results'!$N:$N) -> 0 | M60: =SUMIF('Keyword Results'!$A:$A,"Iraqis",'Keyword Results'!$O:$O) -> 0 | N60: =SUMIF('Keyword Results'!$A:$A,"Iraqis",'Keyword Results'!$P:$P) -> 0 | O60: =SUMIF('Keyword Results'!$A:$A,"Iraqis",'Keyword Results'!$Q:$Q) -> 0 | P60: =SUMIF('Keyword Results'!$A:$A,"Iraqis",'Keyword Results'!$R:$R) -> 0 | Q60: =SUMIF('Keyword Results'!$A:$A,"Iraqis",'Keyword Results'!$S:$S) -> 0 | R60: =SUMIF('Keyword Results'!$A:$A,"Iraqis",'Keyword Results'!$T:$T) -> 0 | S60: =SUMIF('Keyword Results'!$A:$A,"Iraqis",'Keyword Results'!$U:$U) -> 0 | T60: =SUMIF('Keyword Results'!$A:$A,"Iraqis",'Keyword Results'!$V:$V) -> 0 | U60: =SUMIF('Keyword Results'!$A:$A,"Iraqis",'Keyword Results'!$W:$W) -> 0 | V60: =SUMIF('Keyword Results'!$A:$A,"Iraqis",'Keyword Results'!$X:$X) -> 0 | W60: =SUM(C60:V60) -> 1
A61: Irish_people | B61: =SUMIF('Keyword Results'!$A:$A,"Irish_people",'Keyword Results'!$D:$D) -> 8 | C61: =SUMIF('Keyword Results'!$A:$A,"Irish_people",'Keyword Results'!$E:$E) -> 0 | D61: =SUMIF('Keyword Results'!$A:$A,"Irish_people",'Keyword Results'!$F:$F) -> 0 | E61: =SUMIF('Keyword Results'!$A:$A,"Irish_people",'Keyword Results'!$G:$G) -> 1 | F61: =SUMIF('Keyword Results'!$A:$A,"Irish_people",'Keyword Results'!$H:$H) -> 0 | G61: =SUMIF('Keyword Results'!$A:$A,"Irish_people",'Keyword Results'!$I:$I) -> 0 | H61: =SUMIF('Keyword Results'!$A:$A,"Irish_people",'Keyword Results'!$J:$J) -> 0 | I61: =SUMIF('Keyword Results'!$A:$A,"Irish_people",'Keyword Results'!$K:$K) -> 0 | J61: =SUMIF('Keyword Results'!$A:$A,"Irish_people",'Keyword Results'!$L:$L) -> 0 | K61: =SUMIF('Keyword Results'!$A:$A,"Irish_people",'Keyword Results'!$M:$M) -> 0 | L61: =SUMIF('Keyword Results'!$A:$A,"Irish_people",'Keyword Results'!$N:$N) -> 0 | M61: =SUMIF('Keyword Results'!$A:$A,"Irish_people",'Keyword Results'!$O:$O) -> 0 | N61: =SUMIF('Keyword Results'!$A:$A,"Irish_people",'Keyword Results'!$P:$P) -> 0 | O61: =SUMIF('Keyword Results'!$A:$A,"Irish_people",'Keyword Results'!$Q:$Q) -> 0 | P61: =SUMIF('Keyword Results'!$A:$A,"Irish_people",'Keyword Results'!$R:$R) -> 0 | Q61: =SUMIF('Keyword Results'!$A:$A,"Irish_people",'Keyword Results'!$S:$S) -> 0 | R61: =SUMIF('Keyword Results'!$A:$A,"Irish_people",'Keyword Results'!$T:$T) -> 0 | S61: =SUMIF('Keyword Results'!$A:$A,"Irish_people",'Keyword Results'!$U:$U) -> 0 | T61: =SUMIF('Keyword Results'!$A:$A,"Irish_people",'Keyword Results'!$V:$V) -> 0 | U61: =SUMIF('Keyword Results'!$A:$A,"Irish_people",'Keyword Results'!$W:$W) -> 0 | V61: =SUMIF('Keyword Results'!$A:$A,"Irish_people",'Keyword Results'!$X:$X) -> 0 | W61: =SUM(C61:V61) -> 1
A62: Israelis | B62: =SUMIF('Keyword Results'!$A:$A,"Israelis",'Keyword Results'!$D:$D) -> 14 | C62: =SUMIF('Keyword Results'!$A:$A,"Israelis",'Keyword Results'!$E:$E) -> 0 | D62: =SUMIF('Keyword Results'!$A:$A,"Israelis",'Keyword Results'!$F:$F) -> 0 | E62: =SUMIF('Keyword Results'!$A:$A,"Israelis",'Keyword Results'!$G:$G) -> 0 | F62: =SUMIF('Keyword Results'!$A:$A,"Israelis",'Keyword Results'!$H:$H) -> 0 | G62: =SUMIF('Keyword Results'!$A:$A,"Israelis",'Keyword Results'!$I:$I) -> 0 | H62: =SUMIF('Keyword Results'!$A:$A,"Israelis",'Keyword Results'!$J:$J) -> 0 | I62: =SUMIF('Keyword Results'!$A:$A,"Israelis",'Keyword Results'!$K:$K) -> 0 | J62: =SUMIF('Keyword Results'!$A:$A,"Israelis",'Keyword Results'!$L:$L) -> 0 | K62: =SUMIF('Keyword Results'!$A:$A,"Israelis",'Keyword Results'!$M:$M) -> 0 | L62: =SUMIF('Keyword Results'!$A:$A,"Israelis",'Keyword Results'!$N:$N) -> 0 | M62: =SUMIF('Keyword Results'!$A:$A,"Israelis",'Keyword Results'!$O:$O) -> 0 | N62: =SUMIF('Keyword Results'!$A:$A,"Israelis",'Keyword Results'!$P:$P) -> 0 | O62: =SUMIF('Keyword Results'!$A:$A,"Israelis",'Keyword Results'!$Q:$Q) -> 0 | P62: =SUMIF('Keyword Results'!$A:$A,"Israelis",'Keyword Results'!$R:$R) -> 0 | Q62: =SUMIF('Keyword Results'!$A:$A,"Israelis",'Keyword Results'!$S:$S) -> 0 | R62: =SUMIF('Keyword Results'!$A:$A,"Israelis",'Keyword Results'!$T:$T) -> 0 | S62: =SUMIF('Keyword Results'!$A:$A,"Israelis",'Keyword Results'!$U:$U) -> 0 | T62: =SUMIF('Keyword Results'!$A:$A,"Israelis",'Keyword Results'!$V:$V) -> 0 | U62: =SUMIF('Keyword Results'!$A:$A,"Israelis",'Keyword Results'!$W:$W) -> 0 | V62: =SUMIF('Keyword Results'!$A:$A,"Israelis",'Keyword Results'!$X:$X) -> 0 | W62: =SUM(C62:V62) -> 0
A63: Italians | B63: =SUMIF('Keyword Results'!$A:$A,"Italians",'Keyword Results'!$D:$D) -> 9 | C63: =SUMIF('Keyword Results'!$A:$A,"Italians",'Keyword Results'!$E:$E) -> 0 | D63: =SUMIF('Keyword Results'!$A:$A,"Italians",'Keyword Results'!$F:$F) -> 0 | E63: =SUMIF('Keyword Results'!$A:$A,"Italians",'Keyword Results'!$G:$G) -> 0 | F63: =SUMIF('Keyword Results'!$A:$A,"Italians",'Keyword Results'!$H:$H) -> 0 | G63: =SUMIF('Keyword Results'!$A:$A,"Italians",'Keyword Results'!$I:$I) -> 0 | H63: =SUMIF('Keyword Results'!$A:$A,"Italians",'Keyword Results'!$J:$J) -> 0 | I63: =SUMIF('Keyword Results'!$A:$A,"Italians",'Keyword Results'!$K:$K) -> 0 | J63: =SUMIF('Keyword Results'!$A:$A,"Italians",'Keyword Results'!$L:$L) -> 0 | K63: =SUMIF('Keyword Results'!$A:$A,"Italians",'Keyword Results'!$M:$M) -> 0 | L63: =SUMIF('Keyword Results'!$A:$A,"Italians",'Keyword Results'!$N:$N) -> 0 | M63: =SUMIF('Keyword Results'!$A:$A,"Italians",'Keyword Results'!$O:$O) -> 0 | N63: =SUMIF('Keyword Results'!$A:$A,"Italians",'Keyword Results'!$P:$P) -> 0 | O63: =SUMIF('Keyword Results'!$A:$A,"Italians",'Keyword Results'!$Q:$Q) -> 0 | P63: =SUMIF('Keyword Results'!$A:$A,"Italians",'Keyword Results'!$R:$R) -> 0 | Q63: =SUMIF('Keyword Results'!$A:$A,"Italians",'Keyword Results'!$S:$S) -> 0 | R63: =SUMIF('Keyword Results'!$A:$A,"Italians",'Keyword Results'!$T:$T) -> 0 | S63: =SUMIF('Keyword Results'!$A:$A,"Italians",'Keyword Results'!$U:$U) -> 0 | T63: =SUMIF('Keyword Results'!$A:$A,"Italians",'Keyword Results'!$V:$V) -> 0 | U63: =SUMIF('Keyword Results'!$A:$A,"Italians",'Keyword Results'!$W:$W) -> 0 | V63: =SUMIF('Keyword Results'!$A:$A,"Italians",'Keyword Results'!$X:$X) -> 0 | W63: =SUM(C63:V63) -> 0
A64: Jamaicans | B64: =SUMIF('Keyword Results'!$A:$A,"Jamaicans",'Keyword Results'!$D:$D) -> 8 | C64: =SUMIF('Keyword Results'!$A:$A,"Jamaicans",'Keyword Results'!$E:$E) -> 0 | D64: =SUMIF('Keyword Results'!$A:$A,"Jamaicans",'Keyword Results'!$F:$F) -> 0 | E64: =SUMIF('Keyword Results'!$A:$A,"Jamaicans",'Keyword Results'!$G:$G) -> 0 | F64: =SUMIF('Keyword Results'!$A:$A,"Jamaicans",'Keyword Results'!$H:$H) -> 0 | G64: =SUMIF('Keyword Results'!$A:$A,"Jamaicans",'Keyword Results'!$I:$I) -> 0 | H64: =SUMIF('Keyword Results'!$A:$A,"Jamaicans",'Keyword Results'!$J:$J) -> 0 | I64: =SUMIF('Keyword Results'!$A:$A,"Jamaicans",'Keyword Results'!$K:$K) -> 0 | J64: =SUMIF('Keyword Results'!$A:$A,"Jamaicans",'Keyword Results'!$L:$L) -> 0 | K64: =SUMIF('Keyword Results'!$A:$A,"Jamaicans",'Keyword Results'!$M:$M) -> 0 | L64: =SUMIF('Keyword Results'!$A:$A,"Jamaicans",'Keyword Results'!$N:$N) -> 0 | M64: =SUMIF('Keyword Results'!$A:$A,"Jamaicans",'Keyword Results'!$O:$O) -> 0 | N64: =SUMIF('Keyword Results'!$A:$A,"Jamaicans",'Keyword Results'!$P:$P) -> 0 | O64: =SUMIF('Keyword Results'!$A:$A,"Jamaicans",'Keyword Results'!$Q:$Q) -> 0 | P64: =SUMIF('Keyword Results'!$A:$A,"Jamaicans",'Keyword Results'!$R:$R) -> 0 | Q64: =SUMIF('Keyword Results'!$A:$A,"Jamaicans",'Keyword Results'!$S:$S) -> 0 | R64: =SUMIF('Keyword Results'!$A:$A,"Jamaicans",'Keyword Results'!$T:$T) -> 0 | S64: =SUMIF('Keyword Results'!$A:$A,"Jamaicans",'Keyword Results'!$U:$U) -> 0 | T64: =SUMIF('Keyword Results'!$A:$A,"Jamaicans",'Keyword Results'!$V:$V) -> 0 | U64: =SUMIF('Keyword Results'!$A:$A,"Jamaicans",'Keyword Results'!$W:$W) -> 0 | V64: =SUMIF('Keyword Results'!$A:$A,"Jamaicans",'Keyword Results'!$X:$X) -> 0 | W64: =SUM(C64:V64) -> 0
A65: Japanese_people | B65: =SUMIF('Keyword Results'!$A:$A,"Japanese_people",'Keyword Results'!$D:$D) -> 9 | C65: =SUMIF('Keyword Results'!$A:$A,"Japanese_people",'Keyword Results'!$E:$E) -> 5 | D65: =SUMIF('Keyword Results'!$A:$A,"Japanese_people",'Keyword Results'!$F:$F) -> 0 | E65: =SUMIF('Keyword Results'!$A:$A,"Japanese_people",'Keyword Results'!$G:$G) -> 1 | F65: =SUMIF('Keyword Results'!$A:$A,"Japanese_people",'Keyword Results'!$H:$H) -> 0 | G65: =SUMIF('Keyword Results'!$A:$A,"Japanese_people",'Keyword Results'!$I:$I) -> 0 | H65: =SUMIF('Keyword Results'!$A:$A,"Japanese_people",'Keyword Results'!$J:$J) -> 0 | I65: =SUMIF('Keyword Results'!$A:$A,"Japanese_people",'Keyword Results'!$K:$K) -> 0 | J65: =SUMIF('Keyword Results'!$A:$A,"Japanese_people",'Keyword Results'!$L:$L) -> 0 | K65: =SUMIF('Keyword Results'!$A:$A,"Japanese_people",'Keyword Results'!$M:$M) -> 0 | L65: =SUMIF('Keyword Results'!$A:$A,"Japanese_people",'Keyword Results'!$N:$N) -> 0 | M65: =SUMIF('Keyword Results'!$A:$A,"Japanese_people",'Keyword Results'!$O:$O) -> 0 | N65: =SUMIF('Keyword Results'!$A:$A,"Japanese_people",'Keyword Results'!$P:$P) -> 0 | O65: =SUMIF('Keyword Results'!$A:$A,"Japanese_people",'Keyword Results'!$Q:$Q) -> 0 | P65: =SUMIF('Keyword Results'!$A:$A,"Japanese_people",'Keyword Results'!$R:$R) -> 0 | Q65: =SUMIF('Keyword Results'!$A:$A,"Japanese_people",'Keyword Results'!$S:$S) -> 0 | R65: =SUMIF('Keyword Results'!$A:$A,"Japanese_people",'Keyword Results'!$T:$T) -> 0 | S65: =SUMIF('Keyword Results'!$A:$A,"Japanese_people",'Keyword Results'!$U:$U) -> 0 | T65: =SUMIF('Keyword Results'!$A:$A,"Japanese_people",'Keyword Results'!$V:$V) -> 0 | U65: =SUMIF('Keyword Results'!$A:$A,"Japanese_people",'Keyword Results'!$W:$W) -> 0 | V65: =SUMIF('Keyword Results'!$A:$A,"Japanese_people",'Keyword Results'!$X:$X) -> 0 | W65: =SUM(C65:V65) -> 6
A66: Kazakhs | B66: =SUMIF('Keyword Results'!$A:$A,"Kazakhs",'Keyword Results'!$D:$D) -> 9 | C66: =SUMIF('Keyword Results'!$A:$A,"Kazakhs",'Keyword Results'!$E:$E) -> 3 | D66: =SUMIF('Keyword Results'!$A:$A,"Kazakhs",'Keyword Results'!$F:$F) -> 0 | E66: =SUMIF('Keyword Results'!$A:$A,"Kazakhs",'Keyword Results'!$G:$G) -> 0 | F66: =SUMIF('Keyword Results'!$A:$A,"Kazakhs",'Keyword Results'!$H:$H) -> 0 | G66: =SUMIF('Keyword Results'!$A:$A,"Kazakhs",'Keyword Results'!$I:$I) -> 0 | H66: =SUMIF('Keyword Results'!$A:$A,"Kazakhs",'Keyword Results'!$J:$J) -> 0 | I66: =SUMIF('Keyword Results'!$A:$A,"Kazakhs",'Keyword Results'!$K:$K) -> 0 | J66: =SUMIF('Keyword Results'!$A:$A,"Kazakhs",'Keyword Results'!$L:$L) -> 0 | K66: =SUMIF('Keyword Results'!$A:$A,"Kazakhs",'Keyword Results'!$M:$M) -> 0 | L66: =SUMIF('Keyword Results'!$A:$A,"Kazakhs",'Keyword Results'!$N:$N) -> 0 | M66: =SUMIF('Keyword Results'!$A:$A,"Kazakhs",'Keyword Results'!$O:$O) -> 0 | N66: =SUMIF('Keyword Results'!$A:$A,"Kazakhs",'Keyword Results'!$P:$P) -> 0 | O66: =SUMIF('Keyword Results'!$A:$A,"Kazakhs",'Keyword Results'!$Q:$Q) -> 0 | P66: =SUMIF('Keyword Results'!$A:$A,"Kazakhs",'Keyword Results'!$R:$R) -> 0 | Q66: =SUMIF('Keyword Results'!$A:$A,"Kazakhs",'Keyword Results'!$S:$S) -> 0 | R66: =SUMIF('Keyword Results'!$A:$A,"Kazakhs",'Keyword Results'!$T:$T) -> 0 | S66: =SUMIF('Keyword Results'!$A:$A,"Kazakhs",'Keyword Results'!$U:$U) -> 0 | T66: =SUMIF('Keyword Results'!$A:$A,"Kazakhs",'Keyword Results'!$V:$V) -> 0 | U66: =SUMIF('Keyword Results'!$A:$A,"Kazakhs",'Keyword Results'!$W:$W) -> 0 | V66: =SUMIF('Keyword Results'!$A:$A,"Kazakhs",'Keyword Results'!$X:$X) -> 0 | W66: =SUM(C66:V66) -> 3
A67: Koreans | B67: =SUMIF('Keyword Results'!$A:$A,"Koreans",'Keyword Results'!$D:$D) -> 10 | C67: =SUMIF('Keyword Results'!$A:$A,"Koreans",'Keyword Results'!$E:$E) -> 0 | D67: =SUMIF('Keyword Results'!$A:$A,"Koreans",'Keyword Results'!$F:$F) -> 0 | E67: =SUMIF('Keyword Results'!$A:$A,"Koreans",'Keyword Results'!$G:$G) -> 0 | F67: =SUMIF('Keyword Results'!$A:$A,"Koreans",'Keyword Results'!$H:$H) -> 0 | G67: =SUMIF('Keyword Results'!$A:$A,"Koreans",'Keyword Results'!$I:$I) -> 0 | H67: =SUMIF('Keyword Results'!$A:$A,"Koreans",'Keyword Results'!$J:$J) -> 0 | I67: =SUMIF('Keyword Results'!$A:$A,"Koreans",'Keyword Results'!$K:$K) -> 0 | J67: =SUMIF('Keyword Results'!$A:$A,"Koreans",'Keyword Results'!$L:$L) -> 0 | K67: =SUMIF('Keyword Results'!$A:$A,"Koreans",'Keyword Results'!$M:$M) -> 0 | L67: =SUMIF('Keyword Results'!$A:$A,"Koreans",'Keyword Results'!$N:$N) -> 0 | M67: =SUMIF('Keyword Results'!$A:$A,"Koreans",'Keyword Results'!$O:$O) -> 0 | N67: =SUMIF('Keyword Results'!$A:$A,"Koreans",'Keyword Results'!$P:$P) -> 0 | O67: =SUMIF('Keyword Results'!$A:$A,"Koreans",'Keyword Results'!$Q:$Q) -> 0 | P67: =SUMIF('Keyword Results'!$A:$A,"Koreans",'Keyword Results'!$R:$R) -> 0 | Q67: =SUMIF('Keyword Results'!$A:$A,"Koreans",'Keyword Results'!$S:$S) -> 0 | R67: =SUMIF('Keyword Results'!$A:$A,"Koreans",'Keyword Results'!$T:$T) -> 0 | S67: =SUMIF('Keyword Results'!$A:$A,"Koreans",'Keyword Results'!$U:$U) -> 0 | T67: =SUMIF('Keyword Results'!$A:$A,"Koreans",'Keyword Results'!$V:$V) -> 0 | U67: =SUMIF('Keyword Results'!$A:$A,"Koreans",'Keyword Results'!$W:$W) -> 0 | V67: =SUMIF('Keyword Results'!$A:$A,"Koreans",'Keyword Results'!$X:$X) -> 0 | W67: =SUM(C67:V67) -> 0
A68: Kosovars | B68: =SUMIF('Keyword Results'!$A:$A,"Kosovars",'Keyword Results'!$D:$D) -> 9 | C68: =SUMIF('Keyword Results'!$A:$A,"Kosovars",'Keyword Results'!$E:$E) -> 0 | D68: =SUMIF('Keyword Results'!$A:$A,"Kosovars",'Keyword Results'!$F:$F) -> 0 | E68: =SUMIF('Keyword Results'!$A:$A,"Kosovars",'Keyword Results'!$G:$G) -> 0 | F68: =SUMIF('Keyword Results'!$A:$A,"Kosovars",'Keyword Results'!$H:$H) -> 0 | G68: =SUMIF('Keyword Results'!$A:$A,"Kosovars",'Keyword Results'!$I:$I) -> 0 | H68: =SUMIF('Keyword Results'!$A:$A,"Kosovars",'Keyword Results'!$J:$J) -> 0 | I68: =SUMIF('Keyword Results'!$A:$A,"Kosovars",'Keyword Results'!$K:$K) -> 0 | J68: =SUMIF('Keyword Results'!$A:$A,"Kosovars",'Keyword Results'!$L:$L) -> 0 | K68: =SUMIF('Keyword Results'!$A:$A,"Kosovars",'Keyword Results'!$M:$M) -> 0 | L68: =SUMIF('Keyword Results'!$A:$A,"Kosovars",'Keyword Results'!$N:$N) -> 0 | M68: =SUMIF('Keyword Results'!$A:$A,"Kosovars",'Keyword Results'!$O:$O) -> 0 | N68: =SUMIF('Keyword Results'!$A:$A,"Kosovars",'Keyword Results'!$P:$P) -> 0 | O68: =SUMIF('Keyword Results'!$A:$A,"Kosovars",'Keyword Results'!$Q:$Q) -> 0 | P68: =SUMIF('Keyword Results'!$A:$A,"Kosovars",'Keyword Results'!$R:$R) -> 0 | Q68: =SUMIF('Keyword Results'!$A:$A,"Kosovars",'Keyword Results'!$S:$S) -> 0 | R68: =SUMIF('Keyword Results'!$A:$A,"Kosovars",'Keyword Results'!$T:$T) -> 0 | S68: =SUMIF('Keyword Results'!$A:$A,"Kosovars",'Keyword Results'!$U:$U) -> 0 | T68: =SUMIF('Keyword Results'!$A:$A,"Kosovars",'Keyword Results'!$V:$V) -> 0 | U68: =SUMIF('Keyword Results'!$A:$A,"Kosovars",'Keyword Results'!$W:$W) -> 0 | V68: =SUMIF('Keyword Results'!$A:$A,"Kosovars",'Keyword Results'!$X:$X) -> 0 | W68: =SUM(C68:V68) -> 0
A69: Kyrgyz_people | B69: =SUMIF('Keyword Results'!$A:$A,"Kyrgyz_people",'Keyword Results'!$D:$D) -> 7 | C69: =SUMIF('Keyword Results'!$A:$A,"Kyrgyz_people",'Keyword Results'!$E:$E) -> 0 | D69: =SUMIF('Keyword Results'!$A:$A,"Kyrgyz_people",'Keyword Results'!$F:$F) -> 0 | E69: =SUMIF('Keyword Results'!$A:$A,"Kyrgyz_people",'Keyword Results'!$G:$G) -> 0 | F69: =SUMIF('Keyword Results'!$A:$A,"Kyrgyz_people",'Keyword Results'!$H:$H) -> 0 | G69: =SUMIF('Keyword Results'!$A:$A,"Kyrgyz_people",'Keyword Results'!$I:$I) -> 0 | H69: =SUMIF('Keyword Results'!$A:$A,"Kyrgyz_people",'Keyword Results'!$J:$J) -> 0 | I69: =SUMIF('Keyword Results'!$A:$A,"Kyrgyz_people",'Keyword Results'!$K:$K) -> 0 | J69: =SUMIF('Keyword Results'!$A:$A,"Kyrgyz_people",'Keyword Results'!$L:$L) -> 0 | K69: =SUMIF('Keyword Results'!$A:$A,"Kyrgyz_people",'Keyword Results'!$M:$M) -> 0 | L69: =SUMIF('Keyword Results'!$A:$A,"Kyrgyz_people",'Keyword Results'!$N:$N) -> 0 | M69: =SUMIF('Keyword Results'!$A:$A,"Kyrgyz_people",'Keyword Results'!$O:$O) -> 0 | N69: =SUMIF('Keyword Results'!$A:$A,"Kyrgyz_people",'Keyword Results'!$P:$P) -> 0 | O69: =SUMIF('Keyword Results'!$A:$A,"Kyrgyz_people",'Keyword Results'!$Q:$Q) -> 0 | P69: =SUMIF('Keyword Results'!$A:$A,"Kyrgyz_people",'Keyword Results'!$R:$R) -> 0 | Q69: =SUMIF('Keyword Results'!$A:$A,"Kyrgyz_people",'Keyword Results'!$S:$S) -> 0 | R69: =SUMIF('Keyword Results'!$A:$A,"Kyrgyz_people",'Keyword Results'!$T:$T) -> 0 | S69: =SUMIF('Keyword Results'!$A:$A,"Kyrgyz_people",'Keyword Results'!$U:$U) -> 0 | T69: =SUMIF('Keyword Results'!$A:$A,"Kyrgyz_people",'Keyword Results'!$V:$V) -> 0 | U69: =SUMIF('Keyword Results'!$A:$A,"Kyrgyz_people",'Keyword Results'!$W:$W) -> 0 | V69: =SUMIF('Keyword Results'!$A:$A,"Kyrgyz_people",'Keyword Results'!$X:$X) -> 0 | W69: =SUM(C69:V69) -> 0
A70: Lao_people | B70: =SUMIF('Keyword Results'!$A:$A,"Lao_people",'Keyword Results'!$D:$D) -> 6 | C70: =SUMIF('Keyword Results'!$A:$A,"Lao_people",'Keyword Results'!$E:$E) -> 0 | D70: =SUMIF('Keyword Results'!$A:$A,"Lao_people",'Keyword Results'!$F:$F) -> 0 | E70: =SUMIF('Keyword Results'!$A:$A,"Lao_people",'Keyword Results'!$G:$G) -> 0 | F70: =SUMIF('Keyword Results'!$A:$A,"Lao_people",'Keyword Results'!$H:$H) -> 0 | G70: =SUMIF('Keyword Results'!$A:$A,"Lao_people",'Keyword Results'!$I:$I) -> 0 | H70: =SUMIF('Keyword Results'!$A:$A,"Lao_people",'Keyword Results'!$J:$J) -> 0 | I70: =SUMIF('Keyword Results'!$A:$A,"Lao_people",'Keyword Results'!$K:$K) -> 0 | J70: =SUMIF('Keyword Results'!$A:$A,"Lao_people",'Keyword Results'!$L:$L) -> 0 | K70: =SUMIF('Keyword Results'!$A:$A,"Lao_people",'Keyword Results'!$M:$M) -> 0 | L70: =SUMIF('Keyword Results'!$A:$A,"Lao_people",'Keyword Results'!$N:$N) -> 0 | M70: =SUMIF('Keyword Results'!$A:$A,"Lao_people",'Keyword Results'!$O:$O) -> 0 | N70: =SUMIF('Keyword Results'!$A:$A,"Lao_people",'Keyword Results'!$P:$P) -> 0 | O70: =SUMIF('Keyword Results'!$A:$A,"Lao_people",'Keyword Results'!$Q:$Q) -> 0 | P70: =SUMIF('Keyword Results'!$A:$A,"Lao_people",'Keyword Results'!$R:$R) -> 0 | Q70: =SUMIF('Keyword Results'!$A:$A,"Lao_people",'Keyword Results'!$S:$S) -> 0 | R70: =SUMIF('Keyword Results'!$A:$A,"Lao_people",'Keyword Results'!$T:$T) -> 0 | S70: =SUMIF('Keyword Results'!$A:$A,"Lao_people",'Keyword Results'!$U:$U) -> 0 | T70: =SUMIF('Keyword Results'!$A:$A,"Lao_people",'Keyword Results'!$V:$V) -> 0 | U70: =SUMIF('Keyword Results'!$A:$A,"Lao_people",'Keyword Results'!$W:$W) -> 0 | V70: =SUMIF('Keyword Results'!$A:$A,"Lao_people",'Keyword Results'!$X:$X) -> 0 | W70: =SUM(C70:V70) -> 0
A71: Latvians | B71: =SUMIF('Keyword Results'!$A:$A,"Latvians",'Keyword Results'!$D:$D) -> 6 | C71: =SUMIF('Keyword Results'!$A:$A,"Latvians",'Keyword Results'!$E:$E) -> 1 | D71: =SUMIF('Keyword Results'!$A:$A,"Latvians",'Keyword Results'!$F:$F) -> 0 | E71: =SUMIF('Keyword Results'!$A:$A,"Latvians",'Keyword Results'!$G:$G) -> 0 | F71: =SUMIF('Keyword Results'!$A:$A,"Latvians",'Keyword Results'!$H:$H) -> 0 | G71: =SUMIF('Keyword Results'!$A:$A,"Latvians",'Keyword Results'!$I:$I) -> 0 | H71: =SUMIF('Keyword Results'!$A:$A,"Latvians",'Keyword Results'!$J:$J) -> 0 | I71: =SUMIF('Keyword Results'!$A:$A,"Latvians",'Keyword Results'!$K:$K) -> 0 | J71: =SUMIF('Keyword Results'!$A:$A,"Latvians",'Keyword Results'!$L:$L) -> 0 | K71: =SUMIF('Keyword Results'!$A:$A,"Latvians",'Keyword Results'!$M:$M) -> 0 | L71: =SUMIF('Keyword Results'!$A:$A,"Latvians",'Keyword Results'!$N:$N) -> 0 | M71: =SUMIF('Keyword Results'!$A:$A,"Latvians",'Keyword Results'!$O:$O) -> 0 | N71: =SUMIF('Keyword Results'!$A:$A,"Latvians",'Keyword Results'!$P:$P) -> 0 | O71: =SUMIF('Keyword Results'!$A:$A,"Latvians",'Keyword Results'!$Q:$Q) -> 0 | P71: =SUMIF('Keyword Results'!$A:$A,"Latvians",'Keyword Results'!$R:$R) -> 0 | Q71: =SUMIF('Keyword Results'!$A:$A,"Latvians",'Keyword Results'!$S:$S) -> 0 | R71: =SUMIF('Keyword Results'!$A:$A,"Latvians",'Keyword Results'!$T:$T) -> 0 | S71: =SUMIF('Keyword Results'!$A:$A,"Latvians",'Keyword Results'!$U:$U) -> 0 | T71: =SUMIF('Keyword Results'!$A:$A,"Latvians",'Keyword Results'!$V:$V) -> 0 | U71: =SUMIF('Keyword Results'!$A:$A,"Latvians",'Keyword Results'!$W:$W) -> 0 | V71: =SUMIF('Keyword Results'!$A:$A,"Latvians",'Keyword Results'!$X:$X) -> 0 | W71: =SUM(C71:V71) -> 1
A72: Lebanese_people | B72: =SUMIF('Keyword Results'!$A:$A,"Lebanese_people",'Keyword Results'!$D:$D) -> 5 | C72: =SUMIF('Keyword Results'!$A:$A,"Lebanese_people",'Keyword Results'!$E:$E) -> 7 | D72: =SUMIF('Keyword Results'!$A:$A,"Lebanese_people",'Keyword Results'!$F:$F) -> 0 | E72: =SUMIF('Keyword Results'!$A:$A,"Lebanese_people",'Keyword Results'!$G:$G) -> 1 | F72: =SUMIF('Keyword Results'!$A:$A,"Lebanese_people",'Keyword Results'!$H:$H) -> 0 | G72: =SUMIF('Keyword Results'!$A:$A,"Lebanese_people",'Keyword Results'!$I:$I) -> 0 | H72: =SUMIF('Keyword Results'!$A:$A,"Lebanese_people",'Keyword Results'!$J:$J) -> 0 | I72: =SUMIF('Keyword Results'!$A:$A,"Lebanese_people",'Keyword Results'!$K:$K) -> 0 | J72: =SUMIF('Keyword Results'!$A:$A,"Lebanese_people",'Keyword Results'!$L:$L) -> 0 | K72: =SUMIF('Keyword Results'!$A:$A,"Lebanese_people",'Keyword Results'!$M:$M) -> 0 | L72: =SUMIF('Keyword Results'!$A:$A,"Lebanese_people",'Keyword Results'!$N:$N) -> 0 | M72: =SUMIF('Keyword Results'!$A:$A,"Lebanese_people",'Keyword Results'!$O:$O) -> 0 | N72: =SUMIF('Keyword Results'!$A:$A,"Lebanese_people",'Keyword Results'!$P:$P) -> 0 | O72: =SUMIF('Keyword Results'!$A:$A,"Lebanese_people",'Keyword Results'!$Q:$Q) -> 0 | P72: =SUMIF('Keyword Results'!$A:$A,"Lebanese_people",'Keyword Results'!$R:$R) -> 0 | Q72: =SUMIF('Keyword Results'!$A:$A,"Lebanese_people",'Keyword Results'!$S:$S) -> 0 | R72: =SUMIF('Keyword Results'!$A:$A,"Lebanese_people",'Keyword Results'!$T:$T) -> 0 | S72: =SUMIF('Keyword Results'!$A:$A,"Lebanese_people",'Keyword Results'!$U:$U) -> 0 | T72: =SUMIF('Keyword Results'!$A:$A,"Lebanese_people",'Keyword Results'!$V:$V) -> 0 | U72: =SUMIF('Keyword Results'!$A:$A,"Lebanese_people",'Keyword Results'!$W:$W) -> 0 | V72: =SUMIF('Keyword Results'!$A:$A,"Lebanese_people",'Keyword Results'!$X:$X) -> 0 | W72: =SUM(C72:V72) -> 8
A73: Liechtensteiners | B73: =SUMIF('Keyword Results'!$A:$A,"Liechtensteiners",'Keyword Results'!$D:$D) -> 7 | C73: =SUMIF('Keyword Results'!$A:$A,"Liechtensteiners",'Keyword Results'!$E:$E) -> 0 | D73: =SUMIF('Keyword Results'!$A:$A,"Liechtensteiners",'Keyword Results'!$F:$F) -> 0 | E73: =SUMIF('Keyword Results'!$A:$A,"Liechtensteiners",'Keyword Results'!$G:$G) -> 0 | F73: =SUMIF('Keyword Results'!$A:$A,"Liechtensteiners",'Keyword Results'!$H:$H) -> 0 | G73: =SUMIF('Keyword Results'!$A:$A,"Liechtensteiners",'Keyword Results'!$I:$I) -> 0 | H73: =SUMIF('Keyword Results'!$A:$A,"Liechtensteiners",'Keyword Results'!$J:$J) -> 0 | I73: =SUMIF('Keyword Results'!$A:$A,"Liechtensteiners",'Keyword Results'!$K:$K) -> 0 | J73: =SUMIF('Keyword Results'!$A:$A,"Liechtensteiners",'Keyword Results'!$L:$L) -> 0 | K73: =SUMIF('Keyword Results'!$A:$A,"Liechtensteiners",'Keyword Results'!$M:$M) -> 0 | L73: =SUMIF('Keyword Results'!$A:$A,"Liechtensteiners",'Keyword Results'!$N:$N) -> 0 | M73: =SUMIF('Keyword Results'!$A:$A,"Liechtensteiners",'Keyword Results'!$O:$O) -> 0 | N73: =SUMIF('Keyword Results'!$A:$A,"Liechtensteiners",'Keyword Results'!$P:$P) -> 0 | O73: =SUMIF('Keyword Results'!$A:$A,"Liechtensteiners",'Keyword Results'!$Q:$Q) -> 0 | P73: =SUMIF('Keyword Results'!$A:$A,"Liechtensteiners",'Keyword Results'!$R:$R) -> 0 | Q73: =SUMIF('Keyword Results'!$A:$A,"Liechtensteiners",'Keyword Results'!$S:$S) -> 0 | R73: =SUMIF('Keyword Results'!$A:$A,"Liechtensteiners",'Keyword Results'!$T:$T) -> 0 | S73: =SUMIF('Keyword Results'!$A:$A,"Liechtensteiners",'Keyword Results'!$U:$U) -> 0 | T73: =SUMIF('Keyword Results'!$A:$A,"Liechtensteiners",'Keyword Results'!$V:$V) -> 0 | U73: =SUMIF('Keyword Results'!$A:$A,"Liechtensteiners",'Keyword Results'!$W:$W) -> 0 | V73: =SUMIF('Keyword Results'!$A:$A,"Liechtensteiners",'Keyword Results'!$X:$X) -> 0 | W73: =SUM(C73:V73) -> 0
A74: Lithuanians | B74: =SUMIF('Keyword Results'!$A:$A,"Lithuanians",'Keyword Results'!$D:$D) -> 9 | C74: =SUMIF('Keyword Results'!$A:$A,"Lithuanians",'Keyword Results'!$E:$E) -> 0 | D74: =SUMIF('Keyword Results'!$A:$A,"Lithuanians",'Keyword Results'!$F:$F) -> 0 | E74: =SUMIF('Keyword Results'!$A:$A,"Lithuanians",'Keyword Results'!$G:$G) -> 0 | F74: =SUMIF('Keyword Results'!$A:$A,"Lithuanians",'Keyword Results'!$H:$H) -> 0 | G74: =SUMIF('Keyword Results'!$A:$A,"Lithuanians",'Keyword Results'!$I:$I) -> 0 | H74: =SUMIF('Keyword Results'!$A:$A,"Lithuanians",'Keyword Results'!$J:$J) -> 0 | I74: =SUMIF('Keyword Results'!$A:$A,"Lithuanians",'Keyword Results'!$K:$K) -> 0 | J74: =SUMIF('Keyword Results'!$A:$A,"Lithuanians",'Keyword Results'!$L:$L) -> 0 | K74: =SUMIF('Keyword Results'!$A:$A,"Lithuanians",'Keyword Results'!$M:$M) -> 0 | L74: =SUMIF('Keyword Results'!$A:$A,"Lithuanians",'Keyword Results'!$N:$N) -> 0 | M74: =SUMIF('Keyword Results'!$A:$A,"Lithuanians",'Keyword Results'!$O:$O) -> 0 | N74: =SUMIF('Keyword Results'!$A:$A,"Lithuanians",'Keyword Results'!$P:$P) -> 0 | O74: =SUMIF('Keyword Results'!$A:$A,"Lithuanians",'Keyword Results'!$Q:$Q) -> 0 | P74: =SUMIF('Keyword Results'!$A:$A,"Lithuanians",'Keyword Results'!$R:$R) -> 0 | Q74: =SUMIF('Keyword Results'!$A:$A,"Lithuanians",'Keyword Results'!$S:$S) -> 0 | R74: =SUMIF('Keyword Results'!$A:$A,"Lithuanians",'Keyword Results'!$T:$T) -> 0 | S74: =SUMIF('Keyword Results'!$A:$A,"Lithuanians",'Keyword Results'!$U:$U) -> 0 | T74: =SUMIF('Keyword Results'!$A:$A,"Lithuanians",'Keyword Results'!$V:$V) -> 0 | U74: =SUMIF('Keyword Results'!$A:$A,"Lithuanians",'Keyword Results'!$W:$W) -> 0 | V74: =SUMIF('Keyword Results'!$A:$A,"Lithuanians",'Keyword Results'!$X:$X) -> 0 | W74: =SUM(C74:V74) -> 0
A75: Luxembourgers | B75: =SUMIF('Keyword Results'!$A:$A,"Luxembourgers",'Keyword Results'!$D:$D) -> 11 | C75: =SUMIF('Keyword Results'!$A:$A,"Luxembourgers",'Keyword Results'!$E:$E) -> 0 | D75: =SUMIF('Keyword Results'!$A:$A,"Luxembourgers",'Keyword Results'!$F:$F) -> 0 | E75: =SUMIF('Keyword Results'!$A:$A,"Luxembourgers",'Keyword Results'!$G:$G) -> 0 | F75: =SUMIF('Keyword Results'!$A:$A,"Luxembourgers",'Keyword Results'!$H:$H) -> 0 | G75: =SUMIF('Keyword Results'!$A:$A,"Luxembourgers",'Keyword Results'!$I:$I) -> 0 | H75: =SUMIF('Keyword Results'!$A:$A,"Luxembourgers",'Keyword Results'!$J:$J) -> 0 | I75: =SUMIF('Keyword Results'!$A:$A,"Luxembourgers",'Keyword Results'!$K:$K) -> 0 | J75: =SUMIF('Keyword Results'!$A:$A,"Luxembourgers",'Keyword Results'!$L:$L) -> 0 | K75: =SUMIF('Keyword Results'!$A:$A,"Luxembourgers",'Keyword Results'!$M:$M) -> 0 | L75: =SUMIF('Keyword Results'!$A:$A,"Luxembourgers",'Keyword Results'!$N:$N) -> 0 | M75: =SUMIF('Keyword Results'!$A:$A,"Luxembourgers",'Keyword Results'!$O:$O) -> 0 | N75: =SUMIF('Keyword Results'!$A:$A,"Luxembourgers",'Keyword Results'!$P:$P) -> 0 | O75: =SUMIF('Keyword Results'!$A:$A,"Luxembourgers",'Keyword Results'!$Q:$Q) -> 0 | P75: =SUMIF('Keyword Results'!$A:$A,"Luxembourgers",'Keyword Results'!$R:$R) -> 0 | Q75: =SUMIF('Keyword Results'!$A:$A,"Luxembourgers",'Keyword Results'!$S:$S) -> 0 | R75: =SUMIF('Keyword Results'!$A:$A,"Luxembourgers",'Keyword Results'!$T:$T) -> 0 | S75: =SUMIF('Keyword Results'!$A:$A,"Luxembourgers",'Keyword Results'!$U:$U) -> 0 | T75: =SUMIF('Keyword Results'!$A:$A,"Luxembourgers",'Keyword Results'!$V:$V) -> 0 | U75: =SUMIF('Keyword Results'!$A:$A,"Luxembourgers",'Keyword Results'!$W:$W) -> 0 | V75: =SUMIF('Keyword Results'!$A:$A,"Luxembourgers",'Keyword Results'!$X:$X) -> 0 | W75: =SUM(C75:V75) -> 0
A76: Macedonians_(ethnic_group) | B76: =SUMIF('Keyword Results'!$A:$A,"Macedonians_(ethnic_group)",'Keyword Results'!$D:$D) -> 8 | C76: =SUMIF('Keyword Results'!$A:$A,"Macedonians_(ethnic_group)",'Keyword Results'!$E:$E) -> 0 | D76: =SUMIF('Keyword Results'!$A:$A,"Macedonians_(ethnic_group)",'Keyword Results'!$F:$F) -> 0 | E76: =SUMIF('Keyword Results'!$A:$A,"Macedonians_(ethnic_group)",'Keyword Results'!$G:$G) -> 0 | F76: =SUMIF('Keyword Results'!$A:$A,"Macedonians_(ethnic_group)",'Keyword Results'!$H:$H) -> 0 | G76: =SUMIF('Keyword Results'!$A:$A,"Macedonians_(ethnic_group)",'Keyword Results'!$I:$I) -> 0 | H76: =SUMIF('Keyword Results'!$A:$A,"Macedonians_(ethnic_group)",'Keyword Results'!$J:$J) -> 0 | I76: =SUMIF('Keyword Results'!$A:$A,"Macedonians_(ethnic_group)",'Keyword Results'!$K:$K) -> 0 | J76: =SUMIF('Keyword Results'!$A:$A,"Macedonians_(ethnic_group)",'Keyword Results'!$L:$L) -> 0 | K76: =SUMIF('Keyword Results'!$A:$A,"Macedonians_(ethnic_group)",'Keyword Results'!$M:$M) -> 0 | L76: =SUMIF('Keyword Results'!$A:$A,"Macedonians_(ethnic_group)",'Keyword Results'!$N:$N) -> 0 | M76: =SUMIF('Keyword Results'!$A:$A,"Macedonians_(ethnic_group)",'Keyword Results'!$O:$O) -> 0 | N76: =SUMIF('Keyword Results'!$A:$A,"Macedonians_(ethnic_group)",'Keyword Results'!$P:$P) -> 0 | O76: =SUMIF('Keyword Results'!$A:$A,"Macedonians_(ethnic_group)",'Keyword Results'!$Q:$Q) -> 0 | P76: =SUMIF('Keyword Results'!$A:$A,"Macedonians_(ethnic_group)",'Keyword Results'!$R:$R) -> 0 | Q76: =SUMIF('Keyword Results'!$A:$A,"Macedonians_(ethnic_group)",'Keyword Results'!$S:$S) -> 0 | R76: =SUMIF('Keyword Results'!$A:$A,"Macedonians_(ethnic_group)",'Keyword Results'!$T:$T) -> 0 | S76: =SUMIF('Keyword Results'!$A:$A,"Macedonians_(ethnic_group)",'Keyword Results'!$U:$U) -> 0 | T76: =SUMIF('Keyword Results'!$A:$A,"Macedonians_(ethnic_group)",'Keyword Results'!$V:$V) -> 0 | U76: =SUMIF('Keyword Results'!$A:$A,"Macedonians_(ethnic_group)",'Keyword Results'!$W:$W) -> 0 | V76: =SUMIF('Keyword Results'!$A:$A,"Macedonians_(ethnic_group)",'Keyword Results'!$X:$X) -> 0 | W76: =SUM(C76:V76) -> 0
A77: Malagasy_peoples | B77: =SUMIF('Keyword Results'!$A:$A,"Malagasy_peoples",'Keyword Results'!$D:$D) -> 10 | C77: =SUMIF('Keyword Results'!$A:$A,"Malagasy_peoples",'Keyword Results'!$E:$E) -> 4 | D77: =SUMIF('Keyword Results'!$A:$A,"Malagasy_peoples",'Keyword Results'!$F:$F) -> 0 | E77: =SUMIF('Keyword Results'!$A:$A,"Malagasy_peoples",'Keyword Results'!$G:$G) -> 0 | F77: =SUMIF('Keyword Results'!$A:$A,"Malagasy_peoples",'Keyword Results'!$H:$H) -> 0 | G77: =SUMIF('Keyword Results'!$A:$A,"Malagasy_peoples",'Keyword Results'!$I:$I) -> 0 | H77: =SUMIF('Keyword Results'!$A:$A,"Malagasy_peoples",'Keyword Results'!$J:$J) -> 0 | I77: =SUMIF('Keyword Results'!$A:$A,"Malagasy_peoples",'Keyword Results'!$K:$K) -> 0 | J77: =SUMIF('Keyword Results'!$A:$A,"Malagasy_peoples",'Keyword Results'!$L:$L) -> 1 | K77: =SUMIF('Keyword Results'!$A:$A,"Malagasy_peoples",'Keyword Results'!$M:$M) -> 0 | L77: =SUMIF('Keyword Results'!$A:$A,"Malagasy_peoples",'Keyword Results'!$N:$N) -> 0 | M77: =SUMIF('Keyword Results'!$A:$A,"Malagasy_peoples",'Keyword Results'!$O:$O) -> 0 | N77: =SUMIF('Keyword Results'!$A:$A,"Malagasy_peoples",'Keyword Results'!$P:$P) -> 0 | O77: =SUMIF('Keyword Results'!$A:$A,"Malagasy_peoples",'Keyword Results'!$Q:$Q) -> 0 | P77: =SUMIF('Keyword Results'!$A:$A,"Malagasy_peoples",'Keyword Results'!$R:$R) -> 0 | Q77: =SUMIF('Keyword Results'!$A:$A,"Malagasy_peoples",'Keyword Results'!$S:$S) -> 0 | R77: =SUMIF('Keyword Results'!$A:$A,"Malagasy_peoples",'Keyword Results'!$T:$T) -> 0 | S77: =SUMIF('Keyword Results'!$A:$A,"Malagasy_peoples",'Keyword Results'!$U:$U) -> 0 | T77: =SUMIF('Keyword Results'!$A:$A,"Malagasy_peoples",'Keyword Results'!$V:$V) -> 0 | U77: =SUMIF('Keyword Results'!$A:$A,"Malagasy_peoples",'Keyword Results'!$W:$W) -> 0 | V77: =SUMIF('Keyword Results'!$A:$A,"Malagasy_peoples",'Keyword Results'!$X:$X) -> 0 | W77: =SUM(C77:V77) -> 5
A78: Malaysians | B78: =SUMIF('Keyword Results'!$A:$A,"Malaysians",'Keyword Results'!$D:$D) -> 4 | C78: =SUMIF('Keyword Results'!$A:$A,"Malaysians",'Keyword Results'!$E:$E) -> 0 | D78: =SUMIF('Keyword Results'!$A:$A,"Malaysians",'Keyword Results'!$F:$F) -> 0 | E78: =SUMIF('Keyword Results'!$A:$A,"Malaysians",'Keyword Results'!$G:$G) -> 0 | F78: =SUMIF('Keyword Results'!$A:$A,"Malaysians",'Keyword Results'!$H:$H) -> 0 | G78: =SUMIF('Keyword Results'!$A:$A,"Malaysians",'Keyword Results'!$I:$I) -> 0 | H78: =SUMIF('Keyword Results'!$A:$A,"Malaysians",'Keyword Results'!$J:$J) -> 0 | I78: =SUMIF('Keyword Results'!$A:$A,"Malaysians",'Keyword Results'!$K:$K) -> 0 | J78: =SUMIF('Keyword Results'!$A:$A,"Malaysians",'Keyword Results'!$L:$L) -> 0 | K78: =SUMIF('Keyword Results'!$A:$A,"Malaysians",'Keyword Results'!$M:$M) -> 0 | L78: =SUMIF('Keyword Results'!$A:$A,"Malaysians",'Keyword Results'!$N:$N) -> 0 | M78: =SUMIF('Keyword Results'!$A:$A,"Malaysians",'Keyword Results'!$O:$O) -> 0 | N78: =SUMIF('Keyword Results'!$A:$A,"Malaysians",'Keyword Results'!$P:$P) -> 0 | O78: =SUMIF('Keyword Results'!$A:$A,"Malaysians",'Keyword Results'!$Q:$Q) -> 0 | P78: =SUMIF('Keyword Results'!$A:$A,"Malaysians",'Keyword Results'!$R:$R) -> 0 | Q78: =SUMIF('Keyword Results'!$A:$A,"Malaysians",'Keyword Results'!$S:$S) -> 0 | R78: =SUMIF('Keyword Results'!$A:$A,"Malaysians",'Keyword Results'!$T:$T) -> 0 | S78: =SUMIF('Keyword Results'!$A:$A,"Malaysians",'Keyword Results'!$U:$U) -> 0 | T78: =SUMIF('Keyword Results'!$A:$A,"Malaysians",'Keyword Results'!$V:$V) -> 0 | U78: =SUMIF('Keyword Results'!$A:$A,"Malaysians",'Keyword Results'!$W:$W) -> 0 | V78: =SUMIF('Keyword Results'!$A:$A,"Malaysians",'Keyword Results'!$X:$X) -> 0 | W78: =SUM(C78:V78) -> 0
A79: Maldivians | B79: =SUMIF('Keyword Results'!$A:$A,"Maldivians",'Keyword Results'!$D:$D) -> 11 | C79: =SUMIF('Keyword Results'!$A:$A,"Maldivians",'Keyword Results'!$E:$E) -> 2 | D79: =SUMIF('Keyword Results'!$A:$A,"Maldivians",'Keyword Results'!$F:$F) -> 0 | E79: =SUMIF('Keyword Results'!$A:$A,"Maldivians",'Keyword Results'!$G:$G) -> 0 | F79: =SUMIF('Keyword Results'!$A:$A,"Maldivians",'Keyword Results'!$H:$H) -> 0 | G79: =SUMIF('Keyword Results'!$A:$A,"Maldivians",'Keyword Results'!$I:$I) -> 0 | H79: =SUMIF('Keyword Results'!$A:$A,"Maldivians",'Keyword Results'!$J:$J) -> 0 | I79: =SUMIF('Keyword Results'!$A:$A,"Maldivians",'Keyword Results'!$K:$K) -> 0 | J79: =SUMIF('Keyword Results'!$A:$A,"Maldivians",'Keyword Results'!$L:$L) -> 0 | K79: =SUMIF('Keyword Results'!$A:$A,"Maldivians",'Keyword Results'!$M:$M) -> 0 | L79: =SUMIF('Keyword Results'!$A:$A,"Maldivians",'Keyword Results'!$N:$N) -> 0 | M79: =SUMIF('Keyword Results'!$A:$A,"Maldivians",'Keyword Results'!$O:$O) -> 0 | N79: =SUMIF('Keyword Results'!$A:$A,"Maldivians",'Keyword Results'!$P:$P) -> 0 | O79: =SUMIF('Keyword Results'!$A:$A,"Maldivians",'Keyword Results'!$Q:$Q) -> 0 | P79: =SUMIF('Keyword Results'!$A:$A,"Maldivians",'Keyword Results'!$R:$R) -> 0 | Q79: =SUMIF('Keyword Results'!$A:$A,"Maldivians",'Keyword Results'!$S:$S) -> 0 | R79: =SUMIF('Keyword Results'!$A:$A,"Maldivians",'Keyword Results'!$T:$T) -> 0 | S79: =SUMIF('Keyword Results'!$A:$A,"Maldivians",'Keyword Results'!$U:$U) -> 0 | T79: =SUMIF('Keyword Results'!$A:$A,"Maldivians",'Keyword Results'!$V:$V) -> 0 | U79: =SUMIF('Keyword Results'!$A:$A,"Maldivians",'Keyword Results'!$W:$W) -> 0 | V79: =SUMIF('Keyword Results'!$A:$A,"Maldivians",'Keyword Results'!$X:$X) -> 0 | W79: =SUM(C79:V79) -> 2
A80: Malians | B80: =SUMIF('Keyword Results'!$A:$A,"Malians",'Keyword Results'!$D:$D) -> 7 | C80: =SUMIF('Keyword Results'!$A:$A,"Malians",'Keyword Results'!$E:$E) -> 0 | D80: =SUMIF('Keyword Results'!$A:$A,"Malians",'Keyword Results'!$F:$F) -> 0 | E80: =SUMIF('Keyword Results'!$A:$A,"Malians",'Keyword Results'!$G:$G) -> 0 | F80: =SUMIF('Keyword Results'!$A:$A,"Malians",'Keyword Results'!$H:$H) -> 0 | G80: =SUMIF('Keyword Results'!$A:$A,"Malians",'Keyword Results'!$I:$I) -> 0 | H80: =SUMIF('Keyword Results'!$A:$A,"Malians",'Keyword Results'!$J:$J) -> 0 | I80: =SUMIF('Keyword Results'!$A:$A,"Malians",'Keyword Results'!$K:$K) -> 0 | J80: =SUMIF('Keyword Results'!$A:$A,"Malians",'Keyword Results'!$L:$L) -> 0 | K80: =SUMIF('Keyword Results'!$A:$A,"Malians",'Keyword Results'!$M:$M) -> 0 | L80: =SUMIF('Keyword Results'!$A:$A,"Malians",'Keyword Results'!$N:$N) -> 0 | M80: =SUMIF('Keyword Results'!$A:$A,"Malians",'Keyword Results'!$O:$O) -> 0 | N80: =SUMIF('Keyword Results'!$A:$A,"Malians",'Keyword Results'!$P:$P) -> 0 | O80: =SUMIF('Keyword Results'!$A:$A,"Malians",'Keyword Results'!$Q:$Q) -> 0 | P80: =SUMIF('Keyword Results'!$A:$A,"Malians",'Keyword Results'!$R:$R) -> 0 | Q80: =SUMIF('Keyword Results'!$A:$A,"Malians",'Keyword Results'!$S:$S) -> 0 | R80: =SUMIF('Keyword Results'!$A:$A,"Malians",'Keyword Results'!$T:$T) -> 0 | S80: =SUMIF('Keyword Results'!$A:$A,"Malians",'Keyword Results'!$U:$U) -> 0 | T80: =SUMIF('Keyword Results'!$A:$A,"Malians",'Keyword Results'!$V:$V) -> 0 | U80: =SUMIF('Keyword Results'!$A:$A,"Malians",'Keyword Results'!$W:$W) -> 0 | V80: =SUMIF('Keyword Results'!$A:$A,"Malians",'Keyword Results'!$X:$X) -> 0 | W80: =SUM(C80:V80) -> 0
A81: Maltese_people | B81: =SUMIF('Keyword Results'!$A:$A,"Maltese_people",'Keyword Results'!$D:$D) -> 7 | C81: =SUMIF('Keyword Results'!$A:$A,"Maltese_people",'Keyword Results'!$E:$E) -> 5 | D81: =SUMIF('Keyword Results'!$A:$A,"Maltese_people",'Keyword Results'!$F:$F) -> 0 | E81: =SUMIF('Keyword Results'!$A:$A,"Maltese_people",'Keyword Results'!$G:$G) -> 1 | F81: =SUMIF('Keyword Results'!$A:$A,"Maltese_people",'Keyword Results'!$H:$H) -> 0 | G81: =SUMIF('Keyword Results'!$A:$A,"Maltese_people",'Keyword Results'!$I:$I) -> 0 | H81: =SUMIF('Keyword Results'!$A:$A,"Maltese_people",'Keyword Results'!$J:$J) -> 0 | I81: =SUMIF('Keyword Results'!$A:$A,"Maltese_people",'Keyword Results'!$K:$K) -> 0 | J81: =SUMIF('Keyword Results'!$A:$A,"Maltese_people",'Keyword Results'!$L:$L) -> 3 | K81: =SUMIF('Keyword Results'!$A:$A,"Maltese_people",'Keyword Results'!$M:$M) -> 0 | L81: =SUMIF('Keyword Results'!$A:$A,"Maltese_people",'Keyword Results'!$N:$N) -> 0 | M81: =SUMIF('Keyword Results'!$A:$A,"Maltese_people",'Keyword Results'!$O:$O) -> 0 | N81: =SUMIF('Keyword Results'!$A:$A,"Maltese_people",'Keyword Results'!$P:$P) -> 0 | O81: =SUMIF('Keyword Results'!$A:$A,"Maltese_people",'Keyword Results'!$Q:$Q) -> 0 | P81: =SUMIF('Keyword Results'!$A:$A,"Maltese_people",'Keyword Results'!$R:$R) -> 0 | Q81: =SUMIF('Keyword Results'!$A:$A,"Maltese_people",'Keyword Results'!$S:$S) -> 0 | R81: =SUMIF('Keyword Results'!$A:$A,"Maltese_people",'Keyword Results'!$T:$T) -> 0 | S81: =SUMIF('Keyword Results'!$A:$A,"Maltese_people",'Keyword Results'!$U:$U) -> 0 | T81: =SUMIF('Keyword Results'!$A:$A,"Maltese_people",'Keyword Results'!$V:$V) -> 0 | U81: =SUMIF('Keyword Results'!$A:$A,"Maltese_people",'Keyword Results'!$W:$W) -> 0 | V81: =SUMIF('Keyword Results'!$A:$A,"Maltese_people",'Keyword Results'!$X:$X) -> 0 | W81: =SUM(C81:V81) -> 9
A82: Mauritians | B82: =SUMIF('Keyword Results'!$A:$A,"Mauritians",'Keyword Results'!$D:$D) -> 8 | C82: =SUMIF('Keyword Results'!$A:$A,"Mauritians",'Keyword Results'!$E:$E) -> 0 | D82: =SUMIF('Keyword Results'!$A:$A,"Mauritians",'Keyword Results'!$F:$F) -> 0 | E82: =SUMIF('Keyword Results'!$A:$A,"Mauritians",'Keyword Results'!$G:$G) -> 0 | F82: =SUMIF('Keyword Results'!$A:$A,"Mauritians",'Keyword Results'!$H:$H) -> 0 | G82: =SUMIF('Keyword Results'!$A:$A,"Mauritians",'Keyword Results'!$I:$I) -> 0 | H82: =SUMIF('Keyword Results'!$A:$A,"Mauritians",'Keyword Results'!$J:$J) -> 0 | I82: =SUMIF('Keyword Results'!$A:$A,"Mauritians",'Keyword Results'!$K:$K) -> 0 | J82: =SUMIF('Keyword Results'!$A:$A,"Mauritians",'Keyword Results'!$L:$L) -> 0 | K82: =SUMIF('Keyword Results'!$A:$A,"Mauritians",'Keyword Results'!$M:$M) -> 0 | L82: =SUMIF('Keyword Results'!$A:$A,"Mauritians",'Keyword Results'!$N:$N) -> 0 | M82: =SUMIF('Keyword Results'!$A:$A,"Mauritians",'Keyword Results'!$O:$O) -> 0 | N82: =SUMIF('Keyword Results'!$A:$A,"Mauritians",'Keyword Results'!$P:$P) -> 0 | O82: =SUMIF('Keyword Results'!$A:$A,"Mauritians",'Keyword Results'!$Q:$Q) -> 0 | P82: =SUMIF('Keyword Results'!$A:$A,"Mauritians",'Keyword Results'!$R:$R) -> 0 | Q82: =SUMIF('Keyword Results'!$A:$A,"Mauritians",'Keyword Results'!$S:$S) -> 0 | R82: =SUMIF('Keyword Results'!$A:$A,"Mauritians",'Keyword Results'!$T:$T) -> 0 | S82: =SUMIF('Keyword Results'!$A:$A,"Mauritians",'Keyword Results'!$U:$U) -> 0 | T82: =SUMIF('Keyword Results'!$A:$A,"Mauritians",'Keyword Results'!$V:$V) -> 0 | U82: =SUMIF('Keyword Results'!$A:$A,"Mauritians",'Keyword Results'!$W:$W) -> 0 | V82: =SUMIF('Keyword Results'!$A:$A,"Mauritians",'Keyword Results'!$X:$X) -> 0 | W82: =SUM(C82:V82) -> 0
A83: Mexicans | B83: =SUMIF('Keyword Results'!$A:$A,"Mexicans",'Keyword Results'!$D:$D) -> 5 | C83: =SUMIF('Keyword Results'!$A:$A,"Mexicans",'Keyword Results'!$E:$E) -> 1 | D83: =SUMIF('Keyword Results'!$A:$A,"Mexicans",'Keyword Results'!$F:$F) -> 0 | E83: =SUMIF('Keyword Results'!$A:$A,"Mexicans",'Keyword Results'!$G:$G) -> 0 | F83: =SUMIF('Keyword Results'!$A:$A,"Mexicans",'Keyword Results'!$H:$H) -> 0 | G83: =SUMIF('Keyword Results'!$A:$A,"Mexicans",'Keyword Results'!$I:$I) -> 0 | H83: =SUMIF('Keyword Results'!$A:$A,"Mexicans",'Keyword Results'!$J:$J) -> 0 | I83: =SUMIF('Keyword Results'!$A:$A,"Mexicans",'Keyword Results'!$K:$K) -> 0 | J83: =SUMIF('Keyword Results'!$A:$A,"Mexicans",'Keyword Results'!$L:$L) -> 1 | K83: =SUMIF('Keyword Results'!$A:$A,"Mexicans",'Keyword Results'!$M:$M) -> 0 | L83: =SUMIF('Keyword Results'!$A:$A,"Mexicans",'Keyword Results'!$N:$N) -> 0 | M83: =SUMIF('Keyword Results'!$A:$A,"Mexicans",'Keyword Results'!$O:$O) -> 0 | N83: =SUMIF('Keyword Results'!$A:$A,"Mexicans",'Keyword Results'!$P:$P) -> 0 | O83: =SUMIF('Keyword Results'!$A:$A,"Mexicans",'Keyword Results'!$Q:$Q) -> 0 | P83: =SUMIF('Keyword Results'!$A:$A,"Mexicans",'Keyword Results'!$R:$R) -> 0 | Q83: =SUMIF('Keyword Results'!$A:$A,"Mexicans",'Keyword Results'!$S:$S) -> 0 | R83: =SUMIF('Keyword Results'!$A:$A,"Mexicans",'Keyword Results'!$T:$T) -> 0 | S83: =SUMIF('Keyword Results'!$A:$A,"Mexicans",'Keyword Results'!$U:$U) -> 0 | T83: =SUMIF('Keyword Results'!$A:$A,"Mexicans",'Keyword Results'!$V:$V) -> 0 | U83: =SUMIF('Keyword Results'!$A:$A,"Mexicans",'Keyword Results'!$W:$W) -> 0 | V83: =SUMIF('Keyword Results'!$A:$A,"Mexicans",'Keyword Results'!$X:$X) -> 0 | W83: =SUM(C83:V83) -> 2
A84: Micronesians | B84: =SUMIF('Keyword Results'!$A:$A,"Micronesians",'Keyword Results'!$D:$D) -> 4 | C84: =SUMIF('Keyword Results'!$A:$A,"Micronesians",'Keyword Results'!$E:$E) -> 2 | D84: =SUMIF('Keyword Results'!$A:$A,"Micronesians",'Keyword Results'!$F:$F) -> 0 | E84: =SUMIF('Keyword Results'!$A:$A,"Micronesians",'Keyword Results'!$G:$G) -> 0 | F84: =SUMIF('Keyword Results'!$A:$A,"Micronesians",'Keyword Results'!$H:$H) -> 0 | G84: =SUMIF('Keyword Results'!$A:$A,"Micronesians",'Keyword Results'!$I:$I) -> 0 | H84: =SUMIF('Keyword Results'!$A:$A,"Micronesians",'Keyword Results'!$J:$J) -> 0 | I84: =SUMIF('Keyword Results'!$A:$A,"Micronesians",'Keyword Results'!$K:$K) -> 0 | J84: =SUMIF('Keyword Results'!$A:$A,"Micronesians",'Keyword Results'!$L:$L) -> 0 | K84: =SUMIF('Keyword Results'!$A:$A,"Micronesians",'Keyword Results'!$M:$M) -> 0 | L84: =SUMIF('Keyword Results'!$A:$A,"Micronesians",'Keyword Results'!$N:$N) -> 0 | M84: =SUMIF('Keyword Results'!$A:$A,"Micronesians",'Keyword Results'!$O:$O) -> 0 | N84: =SUMIF('Keyword Results'!$A:$A,"Micronesians",'Keyword Results'!$P:$P) -> 0 | O84: =SUMIF('Keyword Results'!$A:$A,"Micronesians",'Keyword Results'!$Q:$Q) -> 0 | P84: =SUMIF('Keyword Results'!$A:$A,"Micronesians",'Keyword Results'!$R:$R) -> 0 | Q84: =SUMIF('Keyword Results'!$A:$A,"Micronesians",'Keyword Results'!$S:$S) -> 0 | R84: =SUMIF('Keyword Results'!$A:$A,"Micronesians",'Keyword Results'!$T:$T) -> 0 | S84: =SUMIF('Keyword Results'!$A:$A,"Micronesians",'Keyword Results'!$U:$U) -> 0 | T84: =SUMIF('Keyword Results'!$A:$A,"Micronesians",'Keyword Results'!$V:$V) -> 0 | U84: =SUMIF('Keyword Results'!$A:$A,"Micronesians",'Keyword Results'!$W:$W) -> 0 | V84: =SUMIF('Keyword Results'!$A:$A,"Micronesians",'Keyword Results'!$X:$X) -> 0 | W84: =SUM(C84:V84) -> 2
A85: Moldovans | B85: =SUMIF('Keyword Results'!$A:$A,"Moldovans",'Keyword Results'!$D:$D) -> 10 | C85: =SUMIF('Keyword Results'!$A:$A,"Moldovans",'Keyword Results'!$E:$E) -> 0 | D85: =SUMIF('Keyword Results'!$A:$A,"Moldovans",'Keyword Results'!$F:$F) -> 0 | E85: =SUMIF('Keyword Results'!$A:$A,"Moldovans",'Keyword Results'!$G:$G) -> 0 | F85: =SUMIF('Keyword Results'!$A:$A,"Moldovans",'Keyword Results'!$H:$H) -> 0 | G85: =SUMIF('Keyword Results'!$A:$A,"Moldovans",'Keyword Results'!$I:$I) -> 0 | H85: =SUMIF('Keyword Results'!$A:$A,"Moldovans",'Keyword Results'!$J:$J) -> 0 | I85: =SUMIF('Keyword Results'!$A:$A,"Moldovans",'Keyword Results'!$K:$K) -> 0 | J85: =SUMIF('Keyword Results'!$A:$A,"Moldovans",'Keyword Results'!$L:$L) -> 0 | K85: =SUMIF('Keyword Results'!$A:$A,"Moldovans",'Keyword Results'!$M:$M) -> 0 | L85: =SUMIF('Keyword Results'!$A:$A,"Moldovans",'Keyword Results'!$N:$N) -> 0 | M85: =SUMIF('Keyword Results'!$A:$A,"Moldovans",'Keyword Results'!$O:$O) -> 0 | N85: =SUMIF('Keyword Results'!$A:$A,"Moldovans",'Keyword Results'!$P:$P) -> 0 | O85: =SUMIF('Keyword Results'!$A:$A,"Moldovans",'Keyword Results'!$Q:$Q) -> 0 | P85: =SUMIF('Keyword Results'!$A:$A,"Moldovans",'Keyword Results'!$R:$R) -> 0 | Q85: =SUMIF('Keyword Results'!$A:$A,"Moldovans",'Keyword Results'!$S:$S) -> 0 | R85: =SUMIF('Keyword Results'!$A:$A,"Moldovans",'Keyword Results'!$T:$T) -> 0 | S85: =SUMIF('Keyword Results'!$A:$A,"Moldovans",'Keyword Results'!$U:$U) -> 0 | T85: =SUMIF('Keyword Results'!$A:$A,"Moldovans",'Keyword Results'!$V:$V) -> 0 | U85: =SUMIF('Keyword Results'!$A:$A,"Moldovans",'Keyword Results'!$W:$W) -> 0 | V85: =SUMIF('Keyword Results'!$A:$A,"Moldovans",'Keyword Results'!$X:$X) -> 0 | W85: =SUM(C85:V85) -> 0
A86: Mongols | B86: =SUMIF('Keyword Results'!$A:$A,"Mongols",'Keyword Results'!$D:$D) -> 7 | C86: =SUMIF('Keyword Results'!$A:$A,"Mongols",'Keyword Results'!$E:$E) -> 1 | D86: =SUMIF('Keyword Results'!$A:$A,"Mongols",'Keyword Results'!$F:$F) -> 0 | E86: =SUMIF('Keyword Results'!$A:$A,"Mongols",'Keyword Results'!$G:$G) -> 0 | F86: =SUMIF('Keyword Results'!$A:$A,"Mongols",'Keyword Results'!$H:$H) -> 0 | G86: =SUMIF('Keyword Results'!$A:$A,"Mongols",'Keyword Results'!$I:$I) -> 0 | H86: =SUMIF('Keyword Results'!$A:$A,"Mongols",'Keyword Results'!$J:$J) -> 0 | I86: =SUMIF('Keyword Results'!$A:$A,"Mongols",'Keyword Results'!$K:$K) -> 0 | J86: =SUMIF('Keyword Results'!$A:$A,"Mongols",'Keyword Results'!$L:$L) -> 0 | K86: =SUMIF('Keyword Results'!$A:$A,"Mongols",'Keyword Results'!$M:$M) -> 0 | L86: =SUMIF('Keyword Results'!$A:$A,"Mongols",'Keyword Results'!$N:$N) -> 0 | M86: =SUMIF('Keyword Results'!$A:$A,"Mongols",'Keyword Results'!$O:$O) -> 0 | N86: =SUMIF('Keyword Results'!$A:$A,"Mongols",'Keyword Results'!$P:$P) -> 0 | O86: =SUMIF('Keyword Results'!$A:$A,"Mongols",'Keyword Results'!$Q:$Q) -> 0 | P86: =SUMIF('Keyword Results'!$A:$A,"Mongols",'Keyword Results'!$R:$R) -> 0 | Q86: =SUMIF('Keyword Results'!$A:$A,"Mongols",'Keyword Results'!$S:$S) -> 0 | R86: =SUMIF('Keyword Results'!$A:$A,"Mongols",'Keyword Results'!$T:$T) -> 0 | S86: =SUMIF('Keyword Results'!$A:$A,"Mongols",'Keyword Results'!$U:$U) -> 0 | T86: =SUMIF('Keyword Results'!$A:$A,"Mongols",'Keyword Results'!$V:$V) -> 0 | U86: =SUMIF('Keyword Results'!$A:$A,"Mongols",'Keyword Results'!$W:$W) -> 0 | V86: =SUMIF('Keyword Results'!$A:$A,"Mongols",'Keyword Results'!$X:$X) -> 0 | W86: =SUM(C86:V86) -> 1
A87: Montenegrins | B87: =SUMIF('Keyword Results'!$A:$A,"Montenegrins",'Keyword Results'!$D:$D) -> 6 | C87: =SUMIF('Keyword Results'!$A:$A,"Montenegrins",'Keyword Results'!$E:$E) -> 2 | D87: =SUMIF('Keyword Results'!$A:$A,"Montenegrins",'Keyword Results'!$F:$F) -> 0 | E87: =SUMIF('Keyword Results'!$A:$A,"Montenegrins",'Keyword Results'!$G:$G) -> 0 | F87: =SUMIF('Keyword Results'!$A:$A,"Montenegrins",'Keyword Results'!$H:$H) -> 0 | G87: =SUMIF('Keyword Results'!$A:$A,"Montenegrins",'Keyword Results'!$I:$I) -> 0 | H87: =SUMIF('Keyword Results'!$A:$A,"Montenegrins",'Keyword Results'!$J:$J) -> 0 | I87: =SUMIF('Keyword Results'!$A:$A,"Montenegrins",'Keyword Results'!$K:$K) -> 0 | J87: =SUMIF('Keyword Results'!$A:$A,"Montenegrins",'Keyword Results'!$L:$L) -> 0 | K87: =SUMIF('Keyword Results'!$A:$A,"Montenegrins",'Keyword Results'!$M:$M) -> 0 | L87: =SUMIF('Keyword Results'!$A:$A,"Montenegrins",'Keyword Results'!$N:$N) -> 0 | M87: =SUMIF('Keyword Results'!$A:$A,"Montenegrins",'Keyword Results'!$O:$O) -> 0 | N87: =SUMIF('Keyword Results'!$A:$A,"Montenegrins",'Keyword Results'!$P:$P) -> 0 | O87: =SUMIF('Keyword Results'!$A:$A,"Montenegrins",'Keyword Results'!$Q:$Q) -> 0 | P87: =SUMIF('Keyword Results'!$A:$A,"Montenegrins",'Keyword Results'!$R:$R) -> 0 | Q87: =SUMIF('Keyword Results'!$A:$A,"Montenegrins",'Keyword Results'!$S:$S) -> 0 | R87: =SUMIF('Keyword Results'!$A:$A,"Montenegrins",'Keyword Results'!$T:$T) -> 0 | S87: =SUMIF('Keyword Results'!$A:$A,"Montenegrins",'Keyword Results'!$U:$U) -> 0 | T87: =SUMIF('Keyword Results'!$A:$A,"Montenegrins",'Keyword Results'!$V:$V) -> 0 | U87: =SUMIF('Keyword Results'!$A:$A,"Montenegrins",'Keyword Results'!$W:$W) -> 0 | V87: =SUMIF('Keyword Results'!$A:$A,"Montenegrins",'Keyword Results'!$X:$X) -> 0 | W87: =SUM(C87:V87) -> 2
A88: Moroccans | B88: =SUMIF('Keyword Results'!$A:$A,"Moroccans",'Keyword Results'!$D:$D) -> 4 | C88: =SUMIF('Keyword Results'!$A:$A,"Moroccans",'Keyword Results'!$E:$E) -> 2 | D88: =SUMIF('Keyword Results'!$A:$A,"Moroccans",'Keyword Results'!$F:$F) -> 0 | E88: =SUMIF('Keyword Results'!$A:$A,"Moroccans",'Keyword Results'!$G:$G) -> 0 | F88: =SUMIF('Keyword Results'!$A:$A,"Moroccans",'Keyword Results'!$H:$H) -> 0 | G88: =SUMIF('Keyword Results'!$A:$A,"Moroccans",'Keyword Results'!$I:$I) -> 0 | H88: =SUMIF('Keyword Results'!$A:$A,"Moroccans",'Keyword Results'!$J:$J) -> 0 | I88: =SUMIF('Keyword Results'!$A:$A,"Moroccans",'Keyword Results'!$K:$K) -> 0 | J88: =SUMIF('Keyword Results'!$A:$A,"Moroccans",'Keyword Results'!$L:$L) -> 0 | K88: =SUMIF('Keyword Results'!$A:$A,"Moroccans",'Keyword Results'!$M:$M) -> 0 | L88: =SUMIF('Keyword Results'!$A:$A,"Moroccans",'Keyword Results'!$N:$N) -> 0 | M88: =SUMIF('Keyword Results'!$A:$A,"Moroccans",'Keyword Results'!$O:$O) -> 0 | N88: =SUMIF('Keyword Results'!$A:$A,"Moroccans",'Keyword Results'!$P:$P) -> 0 | O88: =SUMIF('Keyword Results'!$A:$A,"Moroccans",'Keyword Results'!$Q:$Q) -> 0 | P88: =SUMIF('Keyword Results'!$A:$A,"Moroccans",'Keyword Results'!$R:$R) -> 0 | Q88: =SUMIF('Keyword Results'!$A:$A,"Moroccans",'Keyword Results'!$S:$S) -> 0 | R88: =SUMIF('Keyword Results'!$A:$A,"Moroccans",'Keyword Results'!$T:$T) -> 0 | S88: =SUMIF('Keyword Results'!$A:$A,"Moroccans",'Keyword Results'!$U:$U) -> 0 | T88: =SUMIF('Keyword Results'!$A:$A,"Moroccans",'Keyword Results'!$V:$V) -> 0 | U88: =SUMIF('Keyword Results'!$A:$A,"Moroccans",'Keyword Results'!$W:$W) -> 0 | V88: =SUMIF('Keyword Results'!$A:$A,"Moroccans",'Keyword Results'!$X:$X) -> 0 | W88: =SUM(C88:V88) -> 2
A89: Nauruans | B89: =SUMIF('Keyword Results'!$A:$A,"Nauruans",'Keyword Results'!$D:$D) -> 10 | C89: =SUMIF('Keyword Results'!$A:$A,"Nauruans",'Keyword Results'!$E:$E) -> 0 | D89: =SUMIF('Keyword Results'!$A:$A,"Nauruans",'Keyword Results'!$F:$F) -> 0 | E89: =SUMIF('Keyword Results'!$A:$A,"Nauruans",'Keyword Results'!$G:$G) -> 0 | F89: =SUMIF('Keyword Results'!$A:$A,"Nauruans",'Keyword Results'!$H:$H) -> 0 | G89: =SUMIF('Keyword Results'!$A:$A,"Nauruans",'Keyword Results'!$I:$I) -> 0 | H89: =SUMIF('Keyword Results'!$A:$A,"Nauruans",'Keyword Results'!$J:$J) -> 0 | I89: =SUMIF('Keyword Results'!$A:$A,"Nauruans",'Keyword Results'!$K:$K) -> 0 | J89: =SUMIF('Keyword Results'!$A:$A,"Nauruans",'Keyword Results'!$L:$L) -> 0 | K89: =SUMIF('Keyword Results'!$A:$A,"Nauruans",'Keyword Results'!$M:$M) -> 0 | L89: =SUMIF('Keyword Results'!$A:$A,"Nauruans",'Keyword Results'!$N:$N) -> 0 | M89: =SUMIF('Keyword Results'!$A:$A,"Nauruans",'Keyword Results'!$O:$O) -> 0 | N89: =SUMIF('Keyword Results'!$A:$A,"Nauruans",'Keyword Results'!$P:$P) -> 0 | O89: =SUMIF('Keyword Results'!$A:$A,"Nauruans",'Keyword Results'!$Q:$Q) -> 0 | P89: =SUMIF('Keyword Results'!$A:$A,"Nauruans",'Keyword Results'!$R:$R) -> 0 | Q89: =SUMIF('Keyword Results'!$A:$A,"Nauruans",'Keyword Results'!$S:$S) -> 0 | R89: =SUMIF('Keyword Results'!$A:$A,"Nauruans",'Keyword Results'!$T:$T) -> 0 | S89: =SUMIF('Keyword Results'!$A:$A,"Nauruans",'Keyword Results'!$U:$U) -> 0 | T89: =SUMIF('Keyword Results'!$A:$A,"Nauruans",'Keyword Results'!$V:$V) -> 0 | U89: =SUMIF('Keyword Results'!$A:$A,"Nauruans",'Keyword Results'!$W:$W) -> 0 | V89: =SUMIF('Keyword Results'!$A:$A,"Nauruans",'Keyword Results'!$X:$X) -> 0 | W89: =SUM(C89:V89) -> 0
A90: Nepalis | B90: =SUMIF('Keyword Results'!$A:$A,"Nepalis",'Keyword Results'!$D:$D) -> 4 | C90: =SUMIF('Keyword Results'!$A:$A,"Nepalis",'Keyword Results'!$E:$E) -> 0 | D90: =SUMIF('Keyword Results'!$A:$A,"Nepalis",'Keyword Results'!$F:$F) -> 0 | E90: =SUMIF('Keyword Results'!$A:$A,"Nepalis",'Keyword Results'!$G:$G) -> 0 | F90: =SUMIF('Keyword Results'!$A:$A,"Nepalis",'Keyword Results'!$H:$H) -> 0 | G90: =SUMIF('Keyword Results'!$A:$A,"Nepalis",'Keyword Results'!$I:$I) -> 0 | H90: =SUMIF('Keyword Results'!$A:$A,"Nepalis",'Keyword Results'!$J:$J) -> 0 | I90: =SUMIF('Keyword Results'!$A:$A,"Nepalis",'Keyword Results'!$K:$K) -> 0 | J90: =SUMIF('Keyword Results'!$A:$A,"Nepalis",'Keyword Results'!$L:$L) -> 0 | K90: =SUMIF('Keyword Results'!$A:$A,"Nepalis",'Keyword Results'!$M:$M) -> 0 | L90: =SUMIF('Keyword Results'!$A:$A,"Nepalis",'Keyword Results'!$N:$N) -> 0 | M90: =SUMIF('Keyword Results'!$A:$A,"Nepalis",'Keyword Results'!$O:$O) -> 0 | N90: =SUMIF('Keyword Results'!$A:$A,"Nepalis",'Keyword Results'!$P:$P) -> 0 | O90: =SUMIF('Keyword Results'!$A:$A,"Nepalis",'Keyword Results'!$Q:$Q) -> 0 | P90: =SUMIF('Keyword Results'!$A:$A,"Nepalis",'Keyword Results'!$R:$R) -> 0 | Q90: =SUMIF('Keyword Results'!$A:$A,"Nepalis",'Keyword Results'!$S:$S) -> 0 | R90: =SUMIF('Keyword Results'!$A:$A,"Nepalis",'Keyword Results'!$T:$T) -> 0 | S90: =SUMIF('Keyword Results'!$A:$A,"Nepalis",'Keyword Results'!$U:$U) -> 0 | T90: =SUMIF('Keyword Results'!$A:$A,"Nepalis",'Keyword Results'!$V:$V) -> 0 | U90: =SUMIF('Keyword Results'!$A:$A,"Nepalis",'Keyword Results'!$W:$W) -> 0 | V90: =SUMIF('Keyword Results'!$A:$A,"Nepalis",'Keyword Results'!$X:$X) -> 0 | W90: =SUM(C90:V90) -> 0
A91: New_Zealanders | B91: =SUMIF('Keyword Results'!$A:$A,"New_Zealanders",'Keyword Results'!$D:$D) -> 6 | C91: =SUMIF('Keyword Results'!$A:$A,"New_Zealanders",'Keyword Results'!$E:$E) -> 0 | D91: =SUMIF('Keyword Results'!$A:$A,"New_Zealanders",'Keyword Results'!$F:$F) -> 0 | E91: =SUMIF('Keyword Results'!$A:$A,"New_Zealanders",'Keyword Results'!$G:$G) -> 0 | F91: =SUMIF('Keyword Results'!$A:$A,"New_Zealanders",'Keyword Results'!$H:$H) -> 0 | G91: =SUMIF('Keyword Results'!$A:$A,"New_Zealanders",'Keyword Results'!$I:$I) -> 0 | H91: =SUMIF('Keyword Results'!$A:$A,"New_Zealanders",'Keyword Results'!$J:$J) -> 0 | I91: =SUMIF('Keyword Results'!$A:$A,"New_Zealanders",'Keyword Results'!$K:$K) -> 0 | J91: =SUMIF('Keyword Results'!$A:$A,"New_Zealanders",'Keyword Results'!$L:$L) -> 0 | K91: =SUMIF('Keyword Results'!$A:$A,"New_Zealanders",'Keyword Results'!$M:$M) -> 0 | L91: =SUMIF('Keyword Results'!$A:$A,"New_Zealanders",'Keyword Results'!$N:$N) -> 0 | M91: =SUMIF('Keyword Results'!$A:$A,"New_Zealanders",'Keyword Results'!$O:$O) -> 0 | N91: =SUMIF('Keyword Results'!$A:$A,"New_Zealanders",'Keyword Results'!$P:$P) -> 0 | O91: =SUMIF('Keyword Results'!$A:$A,"New_Zealanders",'Keyword Results'!$Q:$Q) -> 0 | P91: =SUMIF('Keyword Results'!$A:$A,"New_Zealanders",'Keyword Results'!$R:$R) -> 0 | Q91: =SUMIF('Keyword Results'!$A:$A,"New_Zealanders",'Keyword Results'!$S:$S) -> 0 | R91: =SUMIF('Keyword Results'!$A:$A,"New_Zealanders",'Keyword Results'!$T:$T) -> 0 | S91: =SUMIF('Keyword Results'!$A:$A,"New_Zealanders",'Keyword Results'!$U:$U) -> 0 | T91: =SUMIF('Keyword Results'!$A:$A,"New_Zealanders",'Keyword Results'!$V:$V) -> 0 | U91: =SUMIF('Keyword Results'!$A:$A,"New_Zealanders",'Keyword Results'!$W:$W) -> 0 | V91: =SUMIF('Keyword Results'!$A:$A,"New_Zealanders",'Keyword Results'!$X:$X) -> 0 | W91: =SUM(C91:V91) -> 0
A92: Ni-Vanuatu | B92: =SUMIF('Keyword Results'!$A:$A,"Ni-Vanuatu",'Keyword Results'!$D:$D) -> 7 | C92: =SUMIF('Keyword Results'!$A:$A,"Ni-Vanuatu",'Keyword Results'!$E:$E) -> 2 | D92: =SUMIF('Keyword Results'!$A:$A,"Ni-Vanuatu",'Keyword Results'!$F:$F) -> 0 | E92: =SUMIF('Keyword Results'!$A:$A,"Ni-Vanuatu",'Keyword Results'!$G:$G) -> 0 | F92: =SUMIF('Keyword Results'!$A:$A,"Ni-Vanuatu",'Keyword Results'!$H:$H) -> 0 | G92: =SUMIF('Keyword Results'!$A:$A,"Ni-Vanuatu",'Keyword Results'!$I:$I) -> 0 | H92: =SUMIF('Keyword Results'!$A:$A,"Ni-Vanuatu",'Keyword Results'!$J:$J) -> 0 | I92: =SUMIF('Keyword Results'!$A:$A,"Ni-Vanuatu",'Keyword Results'!$K:$K) -> 0 | J92: =SUMIF('Keyword Results'!$A:$A,"Ni-Vanuatu",'Keyword Results'!$L:$L) -> 0 | K92: =SUMIF('Keyword Results'!$A:$A,"Ni-Vanuatu",'Keyword Results'!$M:$M) -> 0 | L92: =SUMIF('Keyword Results'!$A:$A,"Ni-Vanuatu",'Keyword Results'!$N:$N) -> 0 | M92: =SUMIF('Keyword Results'!$A:$A,"Ni-Vanuatu",'Keyword Results'!$O:$O) -> 0 | N92: =SUMIF('Keyword Results'!$A:$A,"Ni-Vanuatu",'Keyword Results'!$P:$P) -> 0 | O92: =SUMIF('Keyword Results'!$A:$A,"Ni-Vanuatu",'Keyword Results'!$Q:$Q) -> 0 | P92: =SUMIF('Keyword Results'!$A:$A,"Ni-Vanuatu",'Keyword Results'!$R:$R) -> 0 | Q92: =SUMIF('Keyword Results'!$A:$A,"Ni-Vanuatu",'Keyword Results'!$S:$S) -> 0 | R92: =SUMIF('Keyword Results'!$A:$A,"Ni-Vanuatu",'Keyword Results'!$T:$T) -> 0 | S92: =SUMIF('Keyword Results'!$A:$A,"Ni-Vanuatu",'Keyword Results'!$U:$U) -> 0 | T92: =SUMIF('Keyword Results'!$A:$A,"Ni-Vanuatu",'Keyword Results'!$V:$V) -> 0 | U92: =SUMIF('Keyword Results'!$A:$A,"Ni-Vanuatu",'Keyword Results'!$W:$W) -> 0 | V92: =SUMIF('Keyword Results'!$A:$A,"Ni-Vanuatu",'Keyword Results'!$X:$X) -> 0 | W92: =SUM(C92:V92) -> 2
A93: Nicaraguans | B93: =SUMIF('Keyword Results'!$A:$A,"Nicaraguans",'Keyword Results'!$D:$D) -> 6 | C93: =SUMIF('Keyword Results'!$A:$A,"Nicaraguans",'Keyword Results'!$E:$E) -> 1 | D93: =SUMIF('Keyword Results'!$A:$A,"Nicaraguans",'Keyword Results'!$F:$F) -> 0 | E93: =SUMIF('Keyword Results'!$A:$A,"Nicaraguans",'Keyword Results'!$G:$G) -> 1 | F93: =SUMIF('Keyword Results'!$A:$A,"Nicaraguans",'Keyword Results'!$H:$H) -> 0 | G93: =SUMIF('Keyword Results'!$A:$A,"Nicaraguans",'Keyword Results'!$I:$I) -> 0 | H93: =SUMIF('Keyword Results'!$A:$A,"Nicaraguans",'Keyword Results'!$J:$J) -> 0 | I93: =SUMIF('Keyword Results'!$A:$A,"Nicaraguans",'Keyword Results'!$K:$K) -> 0 | J93: =SUMIF('Keyword Results'!$A:$A,"Nicaraguans",'Keyword Results'!$L:$L) -> 0 | K93: =SUMIF('Keyword Results'!$A:$A,"Nicaraguans",'Keyword Results'!$M:$M) -> 0 | L93: =SUMIF('Keyword Results'!$A:$A,"Nicaraguans",'Keyword Results'!$N:$N) -> 0 | M93: =SUMIF('Keyword Results'!$A:$A,"Nicaraguans",'Keyword Results'!$O:$O) -> 0 | N93: =SUMIF('Keyword Results'!$A:$A,"Nicaraguans",'Keyword Results'!$P:$P) -> 0 | O93: =SUMIF('Keyword Results'!$A:$A,"Nicaraguans",'Keyword Results'!$Q:$Q) -> 0 | P93: =SUMIF('Keyword Results'!$A:$A,"Nicaraguans",'Keyword Results'!$R:$R) -> 0 | Q93: =SUMIF('Keyword Results'!$A:$A,"Nicaraguans",'Keyword Results'!$S:$S) -> 0 | R93: =SUMIF('Keyword Results'!$A:$A,"Nicaraguans",'Keyword Results'!$T:$T) -> 0 | S93: =SUMIF('Keyword Results'!$A:$A,"Nicaraguans",'Keyword Results'!$U:$U) -> 0 | T93: =SUMIF('Keyword Results'!$A:$A,"Nicaraguans",'Keyword Results'!$V:$V) -> 0 | U93: =SUMIF('Keyword Results'!$A:$A,"Nicaraguans",'Keyword Results'!$W:$W) -> 0 | V93: =SUMIF('Keyword Results'!$A:$A,"Nicaraguans",'Keyword Results'!$X:$X) -> 0 | W93: =SUM(C93:V93) -> 2
A94: Nigerians | B94: =SUMIF('Keyword Results'!$A:$A,"Nigerians",'Keyword Results'!$D:$D) -> 4 | C94: =SUMIF('Keyword Results'!$A:$A,"Nigerians",'Keyword Results'!$E:$E) -> 0 | D94: =SUMIF('Keyword Results'!$A:$A,"Nigerians",'Keyword Results'!$F:$F) -> 0 | E94: =SUMIF('Keyword Results'!$A:$A,"Nigerians",'Keyword Results'!$G:$G) -> 0 | F94: =SUMIF('Keyword Results'!$A:$A,"Nigerians",'Keyword Results'!$H:$H) -> 0 | G94: =SUMIF('Keyword Results'!$A:$A,"Nigerians",'Keyword Results'!$I:$I) -> 0 | H94: =SUMIF('Keyword Results'!$A:$A,"Nigerians",'Keyword Results'!$J:$J) -> 0 | I94: =SUMIF('Keyword Results'!$A:$A,"Nigerians",'Keyword Results'!$K:$K) -> 0 | J94: =SUMIF('Keyword Results'!$A:$A,"Nigerians",'Keyword Results'!$L:$L) -> 0 | K94: =SUMIF('Keyword Results'!$A:$A,"Nigerians",'Keyword Results'!$M:$M) -> 0 | L94: =SUMIF('Keyword Results'!$A:$A,"Nigerians",'Keyword Results'!$N:$N) -> 0 | M94: =SUMIF('Keyword Results'!$A:$A,"Nigerians",'Keyword Results'!$O:$O) -> 0 | N94: =SUMIF('Keyword Results'!$A:$A,"Nigerians",'Keyword Results'!$P:$P) -> 0 | O94: =SUMIF('Keyword Results'!$A:$A,"Nigerians",'Keyword Results'!$Q:$Q) -> 0 | P94: =SUMIF('Keyword Results'!$A:$A,"Nigerians",'Keyword Results'!$R:$R) -> 0 | Q94: =SUMIF('Keyword Results'!$A:$A,"Nigerians",'Keyword Results'!$S:$S) -> 0 | R94: =SUMIF('Keyword Results'!$A:$A,"Nigerians",'Keyword Results'!$T:$T) -> 0 | S94: =SUMIF('Keyword Results'!$A:$A,"Nigerians",'Keyword Results'!$U:$U) -> 0 | T94: =SUMIF('Keyword Results'!$A:$A,"Nigerians",'Keyword Results'!$V:$V) -> 0 | U94: =SUMIF('Keyword Results'!$A:$A,"Nigerians",'Keyword Results'!$W:$W) -> 0 | V94: =SUMIF('Keyword Results'!$A:$A,"Nigerians",'Keyword Results'!$X:$X) -> 0 | W94: =SUM(C94:V94) -> 0
A95: Norwegians | B95: =SUMIF('Keyword Results'!$A:$A,"Norwegians",'Keyword Results'!$D:$D) -> 8 | C95: =SUMIF('Keyword Results'!$A:$A,"Norwegians",'Keyword Results'!$E:$E) -> 0 | D95: =SUMIF('Keyword Results'!$A:$A,"Norwegians",'Keyword Results'!$F:$F) -> 0 | E95: =SUMIF('Keyword Results'!$A:$A,"Norwegians",'Keyword Results'!$G:$G) -> 0 | F95: =SUMIF('Keyword Results'!$A:$A,"Norwegians",'Keyword Results'!$H:$H) -> 0 | G95: =SUMIF('Keyword Results'!$A:$A,"Norwegians",'Keyword Results'!$I:$I) -> 0 | H95: =SUMIF('Keyword Results'!$A:$A,"Norwegians",'Keyword Results'!$J:$J) -> 0 | I95: =SUMIF('Keyword Results'!$A:$A,"Norwegians",'Keyword Results'!$K:$K) -> 0 | J95: =SUMIF('Keyword Results'!$A:$A,"Norwegians",'Keyword Results'!$L:$L) -> 0 | K95: =SUMIF('Keyword Results'!$A:$A,"Norwegians",'Keyword Results'!$M:$M) -> 0 | L95: =SUMIF('Keyword Results'!$A:$A,"Norwegians",'Keyword Results'!$N:$N) -> 0 | M95: =SUMIF('Keyword Results'!$A:$A,"Norwegians",'Keyword Results'!$O:$O) -> 0 | N95: =SUMIF('Keyword Results'!$A:$A,"Norwegians",'Keyword Results'!$P:$P) -> 0 | O95: =SUMIF('Keyword Results'!$A:$A,"Norwegians",'Keyword Results'!$Q:$Q) -> 0 | P95: =SUMIF('Keyword Results'!$A:$A,"Norwegians",'Keyword Results'!$R:$R) -> 0 | Q95: =SUMIF('Keyword Results'!$A:$A,"Norwegians",'Keyword Results'!$S:$S) -> 0 | R95: =SUMIF('Keyword Results'!$A:$A,"Norwegians",'Keyword Results'!$T:$T) -> 0 | S95: =SUMIF('Keyword Results'!$A:$A,"Norwegians",'Keyword Results'!$U:$U) -> 0 | T95: =SUMIF('Keyword Results'!$A:$A,"Norwegians",'Keyword Results'!$V:$V) -> 0 | U95: =SUMIF('Keyword Results'!$A:$A,"Norwegians",'Keyword Results'!$W:$W) -> 0 | V95: =SUMIF('Keyword Results'!$A:$A,"Norwegians",'Keyword Results'!$X:$X) -> 0 | W95: =SUM(C95:V95) -> 0
A96: Omanis | B96: =SUMIF('Keyword Results'!$A:$A,"Omanis",'Keyword Results'!$D:$D) -> 12 | C96: =SUMIF('Keyword Results'!$A:$A,"Omanis",'Keyword Results'!$E:$E) -> 0 | D96: =SUMIF('Keyword Results'!$A:$A,"Omanis",'Keyword Results'!$F:$F) -> 0 | E96: =SUMIF('Keyword Results'!$A:$A,"Omanis",'Keyword Results'!$G:$G) -> 0 | F96: =SUMIF('Keyword Results'!$A:$A,"Omanis",'Keyword Results'!$H:$H) -> 0 | G96: =SUMIF('Keyword Results'!$A:$A,"Omanis",'Keyword Results'!$I:$I) -> 0 | H96: =SUMIF('Keyword Results'!$A:$A,"Omanis",'Keyword Results'!$J:$J) -> 0 | I96: =SUMIF('Keyword Results'!$A:$A,"Omanis",'Keyword Results'!$K:$K) -> 0 | J96: =SUMIF('Keyword Results'!$A:$A,"Omanis",'Keyword Results'!$L:$L) -> 0 | K96: =SUMIF('Keyword Results'!$A:$A,"Omanis",'Keyword Results'!$M:$M) -> 0 | L96: =SUMIF('Keyword Results'!$A:$A,"Omanis",'Keyword Results'!$N:$N) -> 0 | M96: =SUMIF('Keyword Results'!$A:$A,"Omanis",'Keyword Results'!$O:$O) -> 0 | N96: =SUMIF('Keyword Results'!$A:$A,"Omanis",'Keyword Results'!$P:$P) -> 0 | O96: =SUMIF('Keyword Results'!$A:$A,"Omanis",'Keyword Results'!$Q:$Q) -> 0 | P96: =SUMIF('Keyword Results'!$A:$A,"Omanis",'Keyword Results'!$R:$R) -> 0 | Q96: =SUMIF('Keyword Results'!$A:$A,"Omanis",'Keyword Results'!$S:$S) -> 0 | R96: =SUMIF('Keyword Results'!$A:$A,"Omanis",'Keyword Results'!$T:$T) -> 0 | S96: =SUMIF('Keyword Results'!$A:$A,"Omanis",'Keyword Results'!$U:$U) -> 0 | T96: =SUMIF('Keyword Results'!$A:$A,"Omanis",'Keyword Results'!$V:$V) -> 0 | U96: =SUMIF('Keyword Results'!$A:$A,"Omanis",'Keyword Results'!$W:$W) -> 0 | V96: =SUMIF('Keyword Results'!$A:$A,"Omanis",'Keyword Results'!$X:$X) -> 0 | W96: =SUM(C96:V96) -> 0
A97: Pakistanis | B97: =SUMIF('Keyword Results'!$A:$A,"Pakistanis",'Keyword Results'!$D:$D) -> 8 | C97: =SUMIF('Keyword Results'!$A:$A,"Pakistanis",'Keyword Results'!$E:$E) -> 1 | D97: =SUMIF('Keyword Results'!$A:$A,"Pakistanis",'Keyword Results'!$F:$F) -> 0 | E97: =SUMIF('Keyword Results'!$A:$A,"Pakistanis",'Keyword Results'!$G:$G) -> 0 | F97: =SUMIF('Keyword Results'!$A:$A,"Pakistanis",'Keyword Results'!$H:$H) -> 0 | G97: =SUMIF('Keyword Results'!$A:$A,"Pakistanis",'Keyword Results'!$I:$I) -> 0 | H97: =SUMIF('Keyword Results'!$A:$A,"Pakistanis",'Keyword Results'!$J:$J) -> 0 | I97: =SUMIF('Keyword Results'!$A:$A,"Pakistanis",'Keyword Results'!$K:$K) -> 0 | J97: =SUMIF('Keyword Results'!$A:$A,"Pakistanis",'Keyword Results'!$L:$L) -> 0 | K97: =SUMIF('Keyword Results'!$A:$A,"Pakistanis",'Keyword Results'!$M:$M) -> 0 | L97: =SUMIF('Keyword Results'!$A:$A,"Pakistanis",'Keyword Results'!$N:$N) -> 0 | M97: =SUMIF('Keyword Results'!$A:$A,"Pakistanis",'Keyword Results'!$O:$O) -> 0 | N97: =SUMIF('Keyword Results'!$A:$A,"Pakistanis",'Keyword Results'!$P:$P) -> 0 | O97: =SUMIF('Keyword Results'!$A:$A,"Pakistanis",'Keyword Results'!$Q:$Q) -> 0 | P97: =SUMIF('Keyword Results'!$A:$A,"Pakistanis",'Keyword Results'!$R:$R) -> 0 | Q97: =SUMIF('Keyword Results'!$A:$A,"Pakistanis",'Keyword Results'!$S:$S) -> 0 | R97: =SUMIF('Keyword Results'!$A:$A,"Pakistanis",'Keyword Results'!$T:$T) -> 0 | S97: =SUMIF('Keyword Results'!$A:$A,"Pakistanis",'Keyword Results'!$U:$U) -> 0 | T97: =SUMIF('Keyword Results'!$A:$A,"Pakistanis",'Keyword Results'!$V:$V) -> 0 | U97: =SUMIF('Keyword Results'!$A:$A,"Pakistanis",'Keyword Results'!$W:$W) -> 0 | V97: =SUMIF('Keyword Results'!$A:$A,"Pakistanis",'Keyword Results'!$X:$X) -> 0 | W97: =SUM(C97:V97) -> 1
A98: Palestinians | B98: =SUMIF('Keyword Results'!$A:$A,"Palestinians",'Keyword Results'!$D:$D) -> 8 | C98: =SUMIF('Keyword Results'!$A:$A,"Palestinians",'Keyword Results'!$E:$E) -> 4 | D98: =SUMIF('Keyword Results'!$A:$A,"Palestinians",'Keyword Results'!$F:$F) -> 0 | E98: =SUMIF('Keyword Results'!$A:$A,"Palestinians",'Keyword Results'!$G:$G) -> 0 | F98: =SUMIF('Keyword Results'!$A:$A,"Palestinians",'Keyword Results'!$H:$H) -> 0 | G98: =SUMIF('Keyword Results'!$A:$A,"Palestinians",'Keyword Results'!$I:$I) -> 0 | H98: =SUMIF('Keyword Results'!$A:$A,"Palestinians",'Keyword Results'!$J:$J) -> 0 | I98: =SUMIF('Keyword Results'!$A:$A,"Palestinians",'Keyword Results'!$K:$K) -> 0 | J98: =SUMIF('Keyword Results'!$A:$A,"Palestinians",'Keyword Results'!$L:$L) -> 0 | K98: =SUMIF('Keyword Results'!$A:$A,"Palestinians",'Keyword Results'!$M:$M) -> 0 | L98: =SUMIF('Keyword Results'!$A:$A,"Palestinians",'Keyword Results'!$N:$N) -> 0 | M98: =SUMIF('Keyword Results'!$A:$A,"Palestinians",'Keyword Results'!$O:$O) -> 0 | N98: =SUMIF('Keyword Results'!$A:$A,"Palestinians",'Keyword Results'!$P:$P) -> 0 | O98: =SUMIF('Keyword Results'!$A:$A,"Palestinians",'Keyword Results'!$Q:$Q) -> 0 | P98: =SUMIF('Keyword Results'!$A:$A,"Palestinians",'Keyword Results'!$R:$R) -> 0 | Q98: =SUMIF('Keyword Results'!$A:$A,"Palestinians",'Keyword Results'!$S:$S) -> 0 | R98: =SUMIF('Keyword Results'!$A:$A,"Palestinians",'Keyword Results'!$T:$T) -> 0 | S98: =SUMIF('Keyword Results'!$A:$A,"Palestinians",'Keyword Results'!$U:$U) -> 0 | T98: =SUMIF('Keyword Results'!$A:$A,"Palestinians",'Keyword Results'!$V:$V) -> 0 | U98: =SUMIF('Keyword Results'!$A:$A,"Palestinians",'Keyword Results'!$W:$W) -> 0 | V98: =SUMIF('Keyword Results'!$A:$A,"Palestinians",'Keyword Results'!$X:$X) -> 0 | W98: =SUM(C98:V98) -> 4
A99: Panamanians | B99: =SUMIF('Keyword Results'!$A:$A,"Panamanians",'Keyword Results'!$D:$D) -> 9 | C99: =SUMIF('Keyword Results'!$A:$A,"Panamanians",'Keyword Results'!$E:$E) -> 0 | D99: =SUMIF('Keyword Results'!$A:$A,"Panamanians",'Keyword Results'!$F:$F) -> 0 | E99: =SUMIF('Keyword Results'!$A:$A,"Panamanians",'Keyword Results'!$G:$G) -> 0 | F99: =SUMIF('Keyword Results'!$A:$A,"Panamanians",'Keyword Results'!$H:$H) -> 0 | G99: =SUMIF('Keyword Results'!$A:$A,"Panamanians",'Keyword Results'!$I:$I) -> 0 | H99: =SUMIF('Keyword Results'!$A:$A,"Panamanians",'Keyword Results'!$J:$J) -> 0 | I99: =SUMIF('Keyword Results'!$A:$A,"Panamanians",'Keyword Results'!$K:$K) -> 0 | J99: =SUMIF('Keyword Results'!$A:$A,"Panamanians",'Keyword Results'!$L:$L) -> 0 | K99: =SUMIF('Keyword Results'!$A:$A,"Panamanians",'Keyword Results'!$M:$M) -> 0 | L99: =SUMIF('Keyword Results'!$A:$A,"Panamanians",'Keyword Results'!$N:$N) -> 0 | M99: =SUMIF('Keyword Results'!$A:$A,"Panamanians",'Keyword Results'!$O:$O) -> 0 | N99: =SUMIF('Keyword Results'!$A:$A,"Panamanians",'Keyword Results'!$P:$P) -> 0 | O99: =SUMIF('Keyword Results'!$A:$A,"Panamanians",'Keyword Results'!$Q:$Q) -> 0 | P99: =SUMIF('Keyword Results'!$A:$A,"Panamanians",'Keyword Results'!$R:$R) -> 0 | Q99: =SUMIF('Keyword Results'!$A:$A,"Panamanians",'Keyword Results'!$S:$S) -> 0 | R99: =SUMIF('Keyword Results'!$A:$A,"Panamanians",'Keyword Results'!$T:$T) -> 0 | S99: =SUMIF('Keyword Results'!$A:$A,"Panamanians",'Keyword Results'!$U:$U) -> 0 | T99: =SUMIF('Keyword Results'!$A:$A,"Panamanians",'Keyword Results'!$V:$V) -> 0 | U99: =SUMIF('Keyword Results'!$A:$A,"Panamanians",'Keyword Results'!$W:$W) -> 0 | V99: =SUMIF('Keyword Results'!$A:$A,"Panamanians",'Keyword Results'!$X:$X) -> 0 | W99: =SUM(C99:V99) -> 0
A100: Paraguayans | B100: =SUMIF('Keyword Results'!$A:$A,"Paraguayans",'Keyword Results'!$D:$D) -> 12 | C100: =SUMIF('Keyword Results'!$A:$A,"Paraguayans",'Keyword Results'!$E:$E) -> 0 | D100: =SUMIF('Keyword Results'!$A:$A,"Paraguayans",'Keyword Results'!$F:$F) -> 0 | E100: =SUMIF('Keyword Results'!$A:$A,"Paraguayans",'Keyword Results'!$G:$G) -> 0 | F100: =SUMIF('Keyword Results'!$A:$A,"Paraguayans",'Keyword Results'!$H:$H) -> 0 | G100: =SUMIF('Keyword Results'!$A:$A,"Paraguayans",'Keyword Results'!$I:$I) -> 0 | H100: =SUMIF('Keyword Results'!$A:$A,"Paraguayans",'Keyword Results'!$J:$J) -> 0 | I100: =SUMIF('Keyword Results'!$A:$A,"Paraguayans",'Keyword Results'!$K:$K) -> 0 | J100: =SUMIF('Keyword Results'!$A:$A,"Paraguayans",'Keyword Results'!$L:$L) -> 0 | K100: =SUMIF('Keyword Results'!$A:$A,"Paraguayans",'Keyword Results'!$M:$M) -> 0 | L100: =SUMIF('Keyword Results'!$A:$A,"Paraguayans",'Keyword Results'!$N:$N) -> 0 | M100: =SUMIF('Keyword Results'!$A:$A,"Paraguayans",'Keyword Results'!$O:$O) -> 0 | N100: =SUMIF('Keyword Results'!$A:$A,"Paraguayans",'Keyword Results'!$P:$P) -> 0 | O100: =SUMIF('Keyword Results'!$A:$A,"Paraguayans",'Keyword Results'!$Q:$Q) -> 0 | P100: =SUMIF('Keyword Results'!$A:$A,"Paraguayans",'Keyword Results'!$R:$R) -> 0 | Q100: =SUMIF('Keyword Results'!$A:$A,"Paraguayans",'Keyword Results'!$S:$S) -> 0 | R100: =SUMIF('Keyword Results'!$A:$A,"Paraguayans",'Keyword Results'!$T:$T) -> 0 | S100: =SUMIF('Keyword Results'!$A:$A,"Paraguayans",'Keyword Results'!$U:$U) -> 0 | T100: =SUMIF('Keyword Results'!$A:$A,"Paraguayans",'Keyword Results'!$V:$V) -> 0 | U100: =SUMIF('Keyword Results'!$A:$A,"Paraguayans",'Keyword Results'!$W:$W) -> 0 | V100: =SUMIF('Keyword Results'!$A:$A,"Paraguayans",'Keyword Results'!$X:$X) -> 0 | W100: =SUM(C100:V100) -> 0
...
